asset_id,path,kind,source_url,creator_or_vendor,license,redistribution_status,sha256,theme,implementation_purpose,notes
parchmint-ui.penpot,parchmint-ui.penpot,penpot archive,,ParchMint design team (Penpot),internal project deliverable,included,0b2b3bc024e8a51b6658049d7d153c43b7b78158bcba6a3a51393f2ed679abdb,both,authoritative design surface; native export,byte-for-byte copy of source ParchMint.penpot
tokens-json,tokens/tokens.json,dtcg tokens,,ParchMint design team (Penpot),internal project deliverable,included,d0754fec54be1b9d4b10d85ce31c13ebee0466f9cf71035f6ab5376c5b92744e,both,design token source of truth for import pipeline,"Design Tokens / W3C DTCG structure; 6 sets, 3 themes"
ref-cards-dark,references/dark/cards-dark.png,reference image,,ParchMint design team (Penpot),internal project deliverable,included,038956214767762bcb2e49110f36dc2dff4c246f64b87b68c3d08552ebf450ac,dark,visual reference baseline for implementation,1440x900 PNG from locked theme-reference layer
ref-editor-dual-dark,references/dark/editor-dual-dark.png,reference image,,ParchMint design team (Penpot),internal project deliverable,included,707ad29cd1dad78480bcc35e4eb5f78b47e0ddf1855a04f8cc9ec05b3feb2122,dark,visual reference baseline for implementation,1440x900 PNG from locked theme-reference layer
ref-editor-single-dark,references/dark/editor-single-dark.png,reference image,,ParchMint design team (Penpot),internal project deliverable,included,536135fe827c2057a644ef9940ab5f593e12c9e674f974b88b1b37de6447a812,dark,visual reference baseline for implementation,1440x900 PNG from locked theme-reference layer
ref-error-recovery-dark,references/dark/error-recovery-dark.png,reference image,,ParchMint design team (Penpot),internal project deliverable,included,7464e4db3c9d91d16827c7fd2ac35fc030657f1081cb67ce47d809d0a20b6fd7,dark,visual reference baseline for implementation,1440x900 PNG from locked theme-reference layer
ref-export-dark,references/dark/export-dark.png,reference image,,ParchMint design team (Penpot),internal project deliverable,included,c22a0262369c28d28fbd12b898d0144930ca936c44844211a1330ef77305e847,dark,visual reference baseline for implementation,1440x900 PNG from locked theme-reference layer
ref-global-search-dark,references/dark/global-search-dark.png,reference image,,ParchMint design team (Penpot),internal project deliverable,included,f38f6feadd24e890a6fe74e8b93ef31ba18e697948d0f2e617e124a85b2621d9,dark,visual reference baseline for implementation,1440x900 PNG from locked theme-reference layer
ref-history-dark,references/dark/history-dark.png,reference image,,ParchMint design team (Penpot),internal project deliverable,included,7b94ebd24c9ff26f99b7d55e85c99849438a8b70590a8499ee7198993bbde4b5,dark,visual reference baseline for implementation,1440x900 PNG from locked theme-reference layer
ref-launcher-dark,references/dark/launcher-dark.png,reference image,,ParchMint design team (Penpot),internal project deliverable,included,632700377c35f6eac715f5ac5a270038542c23f54b346d915c272b6de0fd36ae,dark,visual reference baseline for implementation,1440x900 PNG from locked theme-reference layer
ref-recently-deleted-dark,references/dark/recently-deleted-dark.png,reference image,,ParchMint design team (Penpot),internal project deliverable,included,853f7f15140c2ee4bbd33c3f36b15e2a8b43ecea3fea2ce1495df57315bfa6d9,dark,visual reference baseline for implementation,1440x900 PNG from locked theme-reference layer
ref-settings-appearance-dark,references/dark/settings-appearance-dark.png,reference image,,ParchMint design team (Penpot),internal project deliverable,included,1be482bb95b627cc4f4697e1833c10e59b3036e0653033be57637163956734a0,dark,visual reference baseline for implementation,1440x900 PNG from locked theme-reference layer
ref-cards-light,references/light/cards-light.png,reference image,,ParchMint design team (Penpot),internal project deliverable,included,0f08530f801f0f6bad8fec690f46531e75c869c5ead7ee35b09c97426284bd28,light,visual reference baseline for implementation,1440x900 PNG from locked theme-reference layer
ref-editor-dual-light,references/light/editor-dual-light.png,reference image,,ParchMint design team (Penpot),internal project deliverable,included,bfcca92cd651adfabb541a960b24e173828483e5d7ce0f9d0c312641567e47ce,light,visual reference baseline for implementation,1440x900 PNG from locked theme-reference layer
ref-editor-single-light,references/light/editor-single-light.png,reference image,,ParchMint design team (Penpot),internal project deliverable,included,0beb81153edae696f899f5b7b9ca3b7650f962ac8f8f18e506716a5924017c3c,light,visual reference baseline for implementation,1440x900 PNG from locked theme-reference layer
ref-error-recovery-light,references/light/error-recovery-light.png,reference image,,ParchMint design team (Penpot),internal project deliverable,included,f1c4aa9c317ac96efa4e39c80638d3e7704be02e06ffc95be95bbff88b771308,light,visual reference baseline for implementation,1440x900 PNG from locked theme-reference layer
ref-export-light,references/light/export-light.png,reference image,,ParchMint design team (Penpot),internal project deliverable,included,003091e25ba737c98ec5abb597ee239e1b4090ccfa7eac7d69a8fdca61238362,light,visual reference baseline for implementation,1440x900 PNG from locked theme-reference layer
ref-global-search-light,references/light/global-search-light.png,reference image,,ParchMint design team (Penpot),internal project deliverable,included,fcc21f92f61b194c46aa40cdc0566d0daa1b6835fc805c7509db55b7e9bdc420,light,visual reference baseline for implementation,1440x900 PNG from locked theme-reference layer
ref-history-light,references/light/history-light.png,reference image,,ParchMint design team (Penpot),internal project deliverable,included,68a999b12a079179624a56dec82bacfd998e41b3e12f1f98cb6c1d5d01faf6f2,light,visual reference baseline for implementation,1440x900 PNG from locked theme-reference layer
ref-launcher-light,references/light/launcher-light.png,reference image,,ParchMint design team (Penpot),internal project deliverable,included,0f3eb74338f946297843cb1627fdfad9fcf9b9cefb02512ce9bf130873e4c82f,light,visual reference baseline for implementation,1440x900 PNG from locked theme-reference layer
ref-recently-deleted-light,references/light/recently-deleted-light.png,reference image,,ParchMint design team (Penpot),internal project deliverable,included,592e83fb9608c28c7682184d4098c1c2e9eacbfd2fc948b6b19e2e888aa9176c,light,visual reference baseline for implementation,1440x900 PNG from locked theme-reference layer
ref-settings-appearance-light,references/light/settings-appearance-light.png,reference image,,ParchMint design team (Penpot),internal project deliverable,included,89032aa21da5aeb6f6b36a73e07fa3a351f874c37ec9c66e90c087ef278c4f6e,light,visual reference baseline for implementation,1440x900 PNG from locked theme-reference layer
pm-icon-000,assets/icons/pm-icon-000.svg,svg icon,,ParchMint design team (Penpot),exported from archive geometry; Material-aligned monochrome metaphor,included,482714bc6876f2fca3584f9641a030846124db22522a79b4806d309ad8b68987,both,icon glyph asset (token-colored in app),canonical source: PM / Screen / settings-metadata-fields
pm-icon-001,assets/icons/pm-icon-001.svg,svg icon,,ParchMint design team (Penpot),exported from archive geometry; Material-aligned monochrome metaphor,included,bd29c60c4e7214d9fab8c61f640c54eb96476d1cc96e84ed2c4e15436b34251d,both,icon glyph asset (token-colored in app),canonical source: PM / Screen / settings-metadata-fields
pm-icon-002,assets/icons/pm-icon-002.svg,svg icon,,ParchMint design team (Penpot),exported from archive geometry; Material-aligned monochrome metaphor,included,c391f5946f0d7ad8494b005ccd464e638ade32153b4ea2941691bcf53641f945,both,icon glyph asset (token-colored in app),canonical source: PM / Screen / settings-metadata-fields
pm-icon-003,assets/icons/pm-icon-003.svg,svg icon,,ParchMint design team (Penpot),exported from archive geometry; Material-aligned monochrome metaphor,included,004e792355087fbe876d11655af80d03e0d4c7989ebcb5f721ccb8e438dca4eb,both,icon glyph asset (token-colored in app),canonical source: PM / Components / Search History Project
pm-icon-004,assets/icons/pm-icon-004.svg,svg icon,,ParchMint design team (Penpot),exported from archive geometry; Material-aligned monochrome metaphor,included,7944046254946c7ca172772fa9e0c5b1709dbcf3c556d5a7b93051cdf4766149,both,icon glyph asset (token-colored in app),canonical source: PM / Components / Search History Project
pm-icon-005,assets/icons/pm-icon-005.svg,svg icon,,ParchMint design team (Penpot),exported from archive geometry; Material-aligned monochrome metaphor,included,85a1f36585e8c51d50713686926c8f43db385aff01ee11bc566df06156f26c85,both,icon glyph asset (token-colored in app),canonical source: PM / Components / Search History Project
pm-icon-006,assets/icons/pm-icon-006.svg,svg icon,,ParchMint design team (Penpot),exported from archive geometry; Material-aligned monochrome metaphor,included,553530c7b24992ebffa50d0da04bfcb11bb91ae789a969c7ed7260b8eb245969,both,icon glyph asset (token-colored in app),canonical source: PM / Screen / editor-local-find
pm-icon-007,assets/icons/pm-icon-007.svg,svg icon,,ParchMint design team (Penpot),exported from archive geometry; Material-aligned monochrome metaphor,included,9089a9091eb88d279c97e205dcdb85a83de0a9cbe4090fd93cebe80618b7d07b,both,icon glyph asset (token-colored in app),canonical source: PM / Screen / editor-local-find
pm-icon-008,assets/icons/pm-icon-008.svg,svg icon,,ParchMint design team (Penpot),exported from archive geometry; Material-aligned monochrome metaphor,included,fac4d5e936612fdf86bb8c7d439d52e245353ab18180bfd2677e561b6c28bf81,both,icon glyph asset (token-colored in app),canonical source: PM / Components / Editor
pm-icon-009,assets/icons/pm-icon-009.svg,svg icon,,ParchMint design team (Penpot),exported from archive geometry; Material-aligned monochrome metaphor,included,426f5d4ee3af3acf75cc3d2ae45953a48422594182de1bb578e6df72227a71de,both,icon glyph asset (token-colored in app),canonical source: PM / Components / Editor
pm-icon-010,assets/icons/pm-icon-010.svg,svg icon,,ParchMint design team (Penpot),exported from archive geometry; Material-aligned monochrome metaphor,included,9db9518e554130fe2ca2d6ca95971d7899ab4351850ca2eb31cd979251c079f3,both,icon glyph asset (token-colored in app),canonical source: PM / Screen / editor-local-replace
pm-icon-011,assets/icons/pm-icon-011.svg,svg icon,,ParchMint design team (Penpot),exported from archive geometry; Material-aligned monochrome metaphor,included,f57db6144ed8738e38ce93c08ecc56d1127c71a3605e66b8ff8db4cfd80de9b4,both,icon glyph asset (token-colored in app),canonical source: PM / Screen / editor-local-replace
pm-icon-012,assets/icons/pm-icon-012.svg,svg icon,,ParchMint design team (Penpot),exported from archive geometry; Material-aligned monochrome metaphor,included,c8426dddc669f96e8deca56df524fa118cb40dfaf40a1fb2d8a69bae322dc411,both,icon glyph asset (token-colored in app),canonical source: PM / Screen / comments-orphaned
pm-icon-013,assets/icons/pm-icon-013.svg,svg icon,,ParchMint design team (Penpot),exported from archive geometry; Material-aligned monochrome metaphor,included,7ff443b58d8f8d382044ea7cd7d2588a4662691ffc44af1e75751201ccd049d2,both,icon glyph asset (token-colored in app),canonical source: PM / Screen / comments-unresolved-thread
pm-icon-014,assets/icons/pm-icon-014.svg,svg icon,,ParchMint design team (Penpot),exported from archive geometry; Material-aligned monochrome metaphor,included,85933cd88ec6bddc214c2c22cb957b867849480f33eb0db0dd07760e4eeecfa4,both,icon glyph asset (token-colored in app),canonical source: PM / Screen / editor-long-comments
pm-icon-015,assets/icons/pm-icon-015.svg,svg icon,,ParchMint design team (Penpot),exported from archive geometry; Material-aligned monochrome metaphor,included,524385c80c56a5be855275fa20613ac18d216dd01732393e3c8d267fe1906dd5,both,icon glyph asset (token-colored in app),canonical source: PM / Screen / editor-single-default
pm-icon-016,assets/icons/pm-icon-016.svg,svg icon,,ParchMint design team (Penpot),exported from archive geometry; Material-aligned monochrome metaphor,included,2dc2b2f12688676757a262f606d09e67c3c2c0aa8544b3329a6af84aec8540f2,both,icon glyph asset (token-colored in app),canonical source: PM / Prototype Terminal / create-and-write / editor-ready
pm-icon-017,assets/icons/pm-icon-017.svg,svg icon,,ParchMint design team (Penpot),exported from archive geometry; Material-aligned monochrome metaphor,included,0af185d9605c58edc8fc710caa1865ba8a2fbd3779576e76722c556cb78f4a7a,both,icon glyph asset (token-colored in app),canonical source: PM / Screen / editor-long-comments
pm-icon-018,assets/icons/pm-icon-018.svg,svg icon,,ParchMint design team (Penpot),exported from archive geometry; Material-aligned monochrome metaphor,included,812b06fd81fc80cfcef6428acb6944f626b2248bf0b30bb8a73b6c5b3c2b20f8,both,icon glyph asset (token-colored in app),canonical source: PM / Prototype Terminal / create-and-write / editor-ready
pm-icon-019,assets/icons/pm-icon-019.svg,svg icon,,ParchMint design team (Penpot),exported from archive geometry; Material-aligned monochrome metaphor,included,1ad05981b630c7abd6770480b5591a7c16ae4313540a55cc0373ffaac460f4cb,both,icon glyph asset (token-colored in app),canonical source: PM / Screen / editor-long-comments
pm-icon-020,assets/icons/pm-icon-020.svg,svg icon,,ParchMint design team (Penpot),exported from archive geometry; Material-aligned monochrome metaphor,included,40f4073abba348f9d5055070508bf5d939b4ddf6365a880951c7eadc5beda54f,both,icon glyph asset (token-colored in app),canonical source: PM / Prototype Terminal / create-and-write / editor-ready
pm-icon-021,assets/icons/pm-icon-021.svg,svg icon,,ParchMint design team (Penpot),exported from archive geometry; Material-aligned monochrome metaphor,included,e6558ba4bfa85694df8c88d18434e6f3228562e62549ea92453c2f9aba1a39fa,both,icon glyph asset (token-colored in app),canonical source: PM / Screen / editor-dual-manuscript-research-left-focus
pm-icon-022,assets/icons/pm-icon-022.svg,svg icon,,ParchMint design team (Penpot),exported from archive geometry; Material-aligned monochrome metaphor,included,581785d481cf2e9450d95e8d57bcf26b9ecf8a56040331b8762d31db639821d2,both,icon glyph asset (token-colored in app),canonical source: PM / Screen / editor-dual-manuscript-research-left-focus
pm-icon-023,assets/icons/pm-icon-023.svg,svg icon,,ParchMint design team (Penpot),exported from archive geometry; Material-aligned monochrome metaphor,included,200d04a181a0086d2da7060070c658e69a4924622ddb9e4e04dc831e17a3559d,both,icon glyph asset (token-colored in app),canonical source: PM / Screen / editor-dual-manuscript-research-left-focus
pm-icon-024,assets/icons/pm-icon-024.svg,svg icon,,ParchMint design team (Penpot),exported from archive geometry; Material-aligned monochrome metaphor,included,5233e1cc4895c184f9578afadc649251b681baff045c19d9315ce9b53598b65a,both,icon glyph asset (token-colored in app),canonical source: PM / Screen / editor-single-default
pm-icon-025,assets/icons/pm-icon-025.svg,svg icon,,ParchMint design team (Penpot),exported from archive geometry; Material-aligned monochrome metaphor,included,fc0daf13c0dd8f2dee9f7108de29c8ac838932172d5496d14a50045d99ff089e,both,icon glyph asset (token-colored in app),canonical source: PM / Prototype Terminal / save-failure-retry / editor-saved
pm-icon-026,assets/icons/pm-icon-026.svg,svg icon,,ParchMint design team (Penpot),exported from archive geometry; Material-aligned monochrome metaphor,included,0fde12cfd6fea842f879aa855c0e9f3a8a72a96ca4ac41c14c3ad005e74f4a16,both,icon glyph asset (token-colored in app),canonical source: PM / Prototype Terminal / save-failure-retry / editor-saved
pm-icon-027,assets/icons/pm-icon-027.svg,svg icon,,ParchMint design team (Penpot),exported from archive geometry; Material-aligned monochrome metaphor,included,42484f640d351d26c8d6601548bb7e07cbceabe5dadb91da0fa8dd58789b5049,both,icon glyph asset (token-colored in app),canonical source: PM / Prototype Terminal / save-failure-retry / editor-saved
pm-icon-028,assets/icons/pm-icon-028.svg,svg icon,,ParchMint design team (Penpot),exported from archive geometry; Material-aligned monochrome metaphor,included,4b4bdb8e5d957812d0b01e7c15dc83101fc5bf07d05f276c973ae4ad604d3122,both,icon glyph asset (token-colored in app),canonical source: PM / Screen / editor-semantic-content-and-breaks
pm-icon-029,assets/icons/pm-icon-029.svg,svg icon,,ParchMint design team (Penpot),exported from archive geometry; Material-aligned monochrome metaphor,included,3904a4f2d07b4c6d27c606669d3f45d57596d637bc99db827cff938d20ed3570,both,icon glyph asset (token-colored in app),canonical source: PM / Screen / editor-single-default
pm-icon-030,assets/icons/pm-icon-030.svg,svg icon,,ParchMint design team (Penpot),exported from archive geometry; Material-aligned monochrome metaphor,included,b7873076229230271a38875e128c62107c47ef9d307734df0769c17c44ea0b12,both,icon glyph asset (token-colored in app),canonical source: PM / Prototype Terminal / cards-and-organize / editor-return
pm-icon-031,assets/icons/pm-icon-031.svg,svg icon,,ParchMint design team (Penpot),exported from archive geometry; Material-aligned monochrome metaphor,included,004708125f681293d190279886bbad651b05659b6f98841bfef5820934d3ac27,both,icon glyph asset (token-colored in app),canonical source: PM / Screen / editor-semantic-content-and-breaks
pm-icon-032,assets/icons/pm-icon-032.svg,svg icon,,ParchMint design team (Penpot),exported from archive geometry; Material-aligned monochrome metaphor,included,ebda15370285dcbf48d3a05ac941c6a580ce594fcbb79bdfe11204e8f9227fcf,both,icon glyph asset (token-colored in app),canonical source: PM / Prototype Terminal / cards-and-organize / editor-return
pm-icon-033,assets/icons/pm-icon-033.svg,svg icon,,ParchMint design team (Penpot),exported from archive geometry; Material-aligned monochrome metaphor,included,f6b8d3d3f5a2c06ddfb13e4fb0e9038c15ef6ec39e6b4af1dae772afd967ca7b,both,icon glyph asset (token-colored in app),canonical source: PM / Screen / editor-semantic-content-and-breaks
pm-icon-034,assets/icons/pm-icon-034.svg,svg icon,,ParchMint design team (Penpot),exported from archive geometry; Material-aligned monochrome metaphor,included,56b0c6d0496a5bcc9c655350929e65b8ceee057bfcffb1f183479380e2e2fc24,both,icon glyph asset (token-colored in app),canonical source: PM / Prototype Terminal / cards-and-organize / editor-return
pm-icon-035,assets/icons/pm-icon-035.svg,svg icon,,ParchMint design team (Penpot),exported from archive geometry; Material-aligned monochrome metaphor,included,a7ca8897508b9496b6dd0b7e59375c4de9a7eebf1b344d948f2b1b68fbd09181,both,icon glyph asset (token-colored in app),canonical source: PM / Screen / editor-long-comments
pm-icon-036,assets/icons/pm-icon-036.svg,svg icon,,ParchMint design team (Penpot),exported from archive geometry; Material-aligned monochrome metaphor,included,8baa549e9d475cd8d196561d5f2a2c196331ff36bcbcaa21b152b2d3f27bb645,both,icon glyph asset (token-colored in app),canonical source: PM / Screen / editor-local-find
pm-icon-037,assets/icons/pm-icon-037.svg,svg icon,,ParchMint design team (Penpot),exported from archive geometry; Material-aligned monochrome metaphor,included,8475d0c61e727a15a6625f83f9327b200dfd3cc3c9fbfeb7a33ad4a6a106a89b,both,icon glyph asset (token-colored in app),canonical source: PM / Screen / cards-research-selected
pm-icon-038,assets/icons/pm-icon-038.svg,svg icon,,ParchMint design team (Penpot),exported from archive geometry; Material-aligned monochrome metaphor,included,68062dc12803e5acf55b8093081e3ea58bf204fc4dd9e5f95145be50e2bb013f,both,icon glyph asset (token-colored in app),canonical source: PM / Screen / editor-local-find
pm-icon-039,assets/icons/pm-icon-039.svg,svg icon,,ParchMint design team (Penpot),exported from archive geometry; Material-aligned monochrome metaphor,included,beb713c2a4a0e7475cb1c3e73457a4fc475a76718a01dfcc276ce87ab4c2d43d,both,icon glyph asset (token-colored in app),canonical source: PM / Screen / editor-dual-manuscript-research-right-focus
pm-icon-040,assets/icons/pm-icon-040.svg,svg icon,,ParchMint design team (Penpot),exported from archive geometry; Material-aligned monochrome metaphor,included,76b12add586b074fbbb3207d4329bbf3754e771a3ea1ee2755fddce0c9f7f733,both,icon glyph asset (token-colored in app),canonical source: PM / Screen / editor-dual-manuscript-research-right-focus
pm-icon-041,assets/icons/pm-icon-041.svg,svg icon,,ParchMint design team (Penpot),exported from archive geometry; Material-aligned monochrome metaphor,included,044ca9a6d8e9032d8889a465e177b8dc7a03b03e372c2b2a0345fc19b07ab34a,both,icon glyph asset (token-colored in app),canonical source: PM / Screen / cards-research-selected
pm-icon-042,assets/icons/pm-icon-042.svg,svg icon,,ParchMint design team (Penpot),exported from archive geometry; Material-aligned monochrome metaphor,included,7b9023c9adf3091d8d754a176e422b198cc65d776b0b904cdadad2c643af6a9d,both,icon glyph asset (token-colored in app),canonical source: PM / Screen / global-replace-preview-exclusions
pm-icon-043,assets/icons/pm-icon-043.svg,svg icon,,ParchMint design team (Penpot),exported from archive geometry; Material-aligned monochrome metaphor,included,ffa0eba0f0463676b608f9ad6793269d2adeea11f15935ecc3a3a55525085629,both,icon glyph asset (token-colored in app),canonical source: PM / Screen / global-replace-preview-exclusions
pm-icon-044,assets/icons/pm-icon-044.svg,svg icon,,ParchMint design team (Penpot),exported from archive geometry; Material-aligned monochrome metaphor,included,529c4d64d317ab18a0ecb8014ddc0f0505f9729776baf337144b616442d31690,both,icon glyph asset (token-colored in app),canonical source: PM / Screen / search-streaming-results
pm-icon-045,assets/icons/pm-icon-045.svg,svg icon,,ParchMint design team (Penpot),exported from archive geometry; Material-aligned monochrome metaphor,included,3d40e25b5a786eab09a396495fc156cd9a27efda0f0a32aecabba7424367a261,both,icon glyph asset (token-colored in app),canonical source: PM / Screen / search-streaming-results
pm-icon-046,assets/icons/pm-icon-046.svg,svg icon,,ParchMint design team (Penpot),exported from archive geometry; Material-aligned monochrome metaphor,included,f01a5b5f8c00bb4f153210db5a450c78417afe91817da2c5c2d8e4b3eae5d794,both,icon glyph asset (token-colored in app),canonical source: PM / Screen / editor-local-find
pm-icon-047,assets/icons/pm-icon-047.svg,svg icon,,ParchMint design team (Penpot),exported from archive geometry; Material-aligned monochrome metaphor,included,584f729e0249573288a1acfa07131fe9835b58c19afab969f1946fe70b435c72,both,icon glyph asset (token-colored in app),canonical source: PM / Screen / cards-research-selected
pm-icon-048,assets/icons/pm-icon-048.svg,svg icon,,ParchMint design team (Penpot),exported from archive geometry; Material-aligned monochrome metaphor,included,20cfdebf992dd3feb9e26a48e5a85e31faa33987bb0bc12eb4f9bb9b4f98ac45,both,icon glyph asset (token-colored in app),canonical source: PM / Screen / editor-dual-manuscript-research-right-focus
pm-icon-049,assets/icons/pm-icon-049.svg,svg icon,,ParchMint design team (Penpot),exported from archive geometry; Material-aligned monochrome metaphor,included,7634ba7d3a6862055e7f4d7ae14898228fca336b1f9c822c6e98795760d5917c,both,icon glyph asset (token-colored in app),canonical source: PM / Components / Shell & Explorer
pm-icon-050,assets/icons/pm-icon-050.svg,svg icon,,ParchMint design team (Penpot),exported from archive geometry; Material-aligned monochrome metaphor,included,c16074be4294b827469534de67a5c04686c7f985de4089e8a3f7ef6e1a74b064,both,icon glyph asset (token-colored in app),canonical source: PM / Components / Shell & Explorer
pm-icon-051,assets/icons/pm-icon-051.svg,svg icon,,ParchMint design team (Penpot),exported from archive geometry; Material-aligned monochrome metaphor,included,0803f843fcf3b671e58cf03000f7cdfc39997c9dd2f967b3abdcc9f68420af60,both,icon glyph asset (token-colored in app),canonical source: PM / Components / Shell & Explorer
pm-icon-052,assets/icons/pm-icon-052.svg,svg icon,,ParchMint design team (Penpot),exported from archive geometry; Material-aligned monochrome metaphor,included,5ba08819a499a4d4a407441eb1199ddf4fe8e869794dfc52ec0d10f8aa21c053,both,icon glyph asset (token-colored in app),canonical source: PM / Components / Shell & Explorer
pm-icon-053,assets/icons/pm-icon-053.svg,svg icon,,ParchMint design team (Penpot),exported from archive geometry; Material-aligned monochrome metaphor,included,b03f59b9218893f29d73c48df433298a03eae1dae952ceb86380943baaff8fa2,both,icon glyph asset (token-colored in app),canonical source: PM / Components / Shell & Explorer
pm-icon-054,assets/icons/pm-icon-054.svg,svg icon,,ParchMint design team (Penpot),exported from archive geometry; Material-aligned monochrome metaphor,included,7d85b448103bbc433bcfea537e531654c6613ceea35fd03c28429b556e4da8a0,both,icon glyph asset (token-colored in app),canonical source: PM / Components / Shell & Explorer
pm-icon-055,assets/icons/pm-icon-055.svg,svg icon,,ParchMint design team (Penpot),exported from archive geometry; Material-aligned monochrome metaphor,included,48de0a9a1e3bc203de480617491030bc10ad2588a20e1363b9650f69b517e4d0,both,icon glyph asset (token-colored in app),canonical source: PM / Components / Shell & Explorer
pm-icon-056,assets/icons/pm-icon-056.svg,svg icon,,ParchMint design team (Penpot),exported from archive geometry; Material-aligned monochrome metaphor,included,7169d5a958b15a64c1a2a8e79607b03c280c30dee84af2571b6800dde0da00b7,both,icon glyph asset (token-colored in app),canonical source: PM / Screen / editor-long-comments
pm-icon-057,assets/icons/pm-icon-057.svg,svg icon,,ParchMint design team (Penpot),exported from archive geometry; Material-aligned monochrome metaphor,included,f439be8fd9b2c436646fed76d8fb783bd203d2fd3c723194b9ec26fd13f4b747,both,icon glyph asset (token-colored in app),canonical source: PM / Screen / editor-single-default
pm-icon-058,assets/icons/pm-icon-058.svg,svg icon,,ParchMint design team (Penpot),exported from archive geometry; Material-aligned monochrome metaphor,included,ca0cff8261c25796ccc017e77aa0dd9a7baec11438db787bb74db1098b5592e4,both,icon glyph asset (token-colored in app),canonical source: PM / Prototype Terminal / create-and-write / editor-ready
pm-icon-059,assets/icons/pm-icon-059.svg,svg icon,,ParchMint design team (Penpot),exported from archive geometry; Material-aligned monochrome metaphor,included,af964808929acd3c8dbf47bf0d81216815ed03a170eb98af193c8e24c50f14fb,both,icon glyph asset (token-colored in app),canonical source: PM / Screen / editor-long-comments
pm-icon-060,assets/icons/pm-icon-060.svg,svg icon,,ParchMint design team (Penpot),exported from archive geometry; Material-aligned monochrome metaphor,included,e5d98c524ce799701cf6f866284d9f24bb580ae5c58584d240a624df6babe9c9,both,icon glyph asset (token-colored in app),canonical source: PM / Prototype Terminal / create-and-write / editor-ready
pm-icon-061,assets/icons/pm-icon-061.svg,svg icon,,ParchMint design team (Penpot),exported from archive geometry; Material-aligned monochrome metaphor,included,51191524bc26d48d73f01d6cd08730b5a8e53f83dd69bc6410299ac66c641c43,both,icon glyph asset (token-colored in app),canonical source: PM / Screen / editor-dual-manuscript-research-left-focus
pm-icon-062,assets/icons/pm-icon-062.svg,svg icon,,ParchMint design team (Penpot),exported from archive geometry; Material-aligned monochrome metaphor,included,6d0e0f6c15abceb8f2f27b4acdb819b8b622dbb9101e3321d94154d26f1412e1,both,icon glyph asset (token-colored in app),canonical source: PM / Screen / editor-dual-manuscript-research-left-focus
pm-icon-063,assets/icons/pm-icon-063.svg,svg icon,,ParchMint design team (Penpot),exported from archive geometry; Material-aligned monochrome metaphor,included,2006796996e37236682fd6a578d2b65c6044ce71b881f46932003a99374c473d,both,icon glyph asset (token-colored in app),canonical source: PM / Screen / editor-single-default
pm-icon-064,assets/icons/pm-icon-064.svg,svg icon,,ParchMint design team (Penpot),exported from archive geometry; Material-aligned monochrome metaphor,included,1a91c0be48b470a1204c6f5d7e5363c264345a7fbbcb52be65cd734a1415e32e,both,icon glyph asset (token-colored in app),canonical source: PM / Prototype Terminal / save-failure-retry / editor-saved
pm-icon-065,assets/icons/pm-icon-065.svg,svg icon,,ParchMint design team (Penpot),exported from archive geometry; Material-aligned monochrome metaphor,included,39e05ed562377041c12e2dfc5cb018c5e54f591013a19c704a6a35c81cf897dc,both,icon glyph asset (token-colored in app),canonical source: PM / Prototype Terminal / save-failure-retry / editor-saved
pm-icon-066,assets/icons/pm-icon-066.svg,svg icon,,ParchMint design team (Penpot),exported from archive geometry; Material-aligned monochrome metaphor,included,82d3f358956d3ca1407e7d97b25039c57bfe3238d65f4d4b65f900a0eb977f09,both,icon glyph asset (token-colored in app),canonical source: PM / Screen / editor-semantic-content-and-breaks
pm-icon-067,assets/icons/pm-icon-067.svg,svg icon,,ParchMint design team (Penpot),exported from archive geometry; Material-aligned monochrome metaphor,included,d222cfe045bd37b281b0b10008c23058ece01a27959d19527b9c0a696c620b9c,both,icon glyph asset (token-colored in app),canonical source: PM / Prototype Terminal / cards-and-organize / editor-return
pm-icon-068,assets/icons/pm-icon-068.svg,svg icon,,ParchMint design team (Penpot),exported from archive geometry; Material-aligned monochrome metaphor,included,205942e1906fbead133efcaf05567dad594eb3b434117bbb185ba217c69695c3,both,icon glyph asset (token-colored in app),canonical source: PM / Screen / editor-semantic-content-and-breaks
pm-icon-069,assets/icons/pm-icon-069.svg,svg icon,,ParchMint design team (Penpot),exported from archive geometry; Material-aligned monochrome metaphor,included,cdd7d43f3fad9007a6378d8ac33d9079697e75a414d600b0a702a79c99831571,both,icon glyph asset (token-colored in app),canonical source: PM / Prototype Terminal / cards-and-organize / editor-return
pm-icon-070,assets/icons/pm-icon-070.svg,svg icon,,ParchMint design team (Penpot),exported from archive geometry; Material-aligned monochrome metaphor,included,25b8645596185010c94beac5d9e187e13e5b2ba408b9b5ae2e01900d56734978,both,icon glyph asset (token-colored in app),canonical source: PM / Screen / cards-research-selected
pm-icon-071,assets/icons/pm-icon-071.svg,svg icon,,ParchMint design team (Penpot),exported from archive geometry; Material-aligned monochrome metaphor,included,4ac76816be8c1ed42d3d7d12732c8a94f00e016e1c59235be5b408ed64b5b68e,both,icon glyph asset (token-colored in app),canonical source: PM / Components / Shell & Explorer
pm-icon-072,assets/icons/pm-icon-072.svg,svg icon,,ParchMint design team (Penpot),exported from archive geometry; Material-aligned monochrome metaphor,included,7cd7775857d090d73946735545c2207bad5f7103edde55dc3898793ae8a0819f,both,icon glyph asset (token-colored in app),canonical source: PM / Components / Shell & Explorer
pm-icon-073,assets/icons/pm-icon-073.svg,svg icon,,ParchMint design team (Penpot),exported from archive geometry; Material-aligned monochrome metaphor,included,879ed63d229ead3247859e94ce8b11192f14a7e3f0739e7e28734478395767a8,both,icon glyph asset (token-colored in app),canonical source: PM / Components / Shell & Explorer
pm-icon-074,assets/icons/pm-icon-074.svg,svg icon,,ParchMint design team (Penpot),exported from archive geometry; Material-aligned monochrome metaphor,included,87893c796b000bf7e8bb1fb628710f5d4fe7e50b797725ffca97a44daffd668f,both,icon glyph asset (token-colored in app),canonical source: PM / Components / Shell & Explorer
pm-icon-075,assets/icons/pm-icon-075.svg,svg icon,,ParchMint design team (Penpot),exported from archive geometry; Material-aligned monochrome metaphor,included,2ba78593d663566864a1632789498bf5247a30f78263ab9f46dcc13b280bc716,both,icon glyph asset (token-colored in app),canonical source: PM / Screen / global-replace-preview-exclusions
pm-icon-076,assets/icons/pm-icon-076.svg,svg icon,,ParchMint design team (Penpot),exported from archive geometry; Material-aligned monochrome metaphor,included,af726bd0ac125b75b604b1f80c9ab87380e7c028771efa684b382a361a139f42,both,icon glyph asset (token-colored in app),canonical source: PM / Screen / global-replace-preview-exclusions
pm-icon-077,assets/icons/pm-icon-077.svg,svg icon,,ParchMint design team (Penpot),exported from archive geometry; Material-aligned monochrome metaphor,included,dbbe5f56de9aa0e9a33adcc3098bc3fbcb0f77bf2dc910e645b96f89d8eb1a5f,both,icon glyph asset (token-colored in app),canonical source: PM / Screen / global-replace-preview-exclusions
pm-icon-078,assets/icons/pm-icon-078.svg,svg icon,,ParchMint design team (Penpot),exported from archive geometry; Material-aligned monochrome metaphor,included,0de68bfac0f43f5b22f63d00767c0bc540bb400f164265e33ab9b498dac0ab50,both,icon glyph asset (token-colored in app),canonical source: PM / Screen / global-replace-preview-exclusions
pm-icon-079,assets/icons/pm-icon-079.svg,svg icon,,ParchMint design team (Penpot),exported from archive geometry; Material-aligned monochrome metaphor,included,1e95b4db87e7c9acbc679574434e7de9940baf864da9cd80801342ee77375a49,both,icon glyph asset (token-colored in app),canonical source: PM / Screen / global-replace-preview-exclusions
pm-icon-080,assets/icons/pm-icon-080.svg,svg icon,,ParchMint design team (Penpot),exported from archive geometry; Material-aligned monochrome metaphor,included,eb68faa42331ba27256d7bfe8ad2c6f730c3ec6dac5b276f7429588a5520465b,both,icon glyph asset (token-colored in app),canonical source: PM / Components / Shell & Explorer
pm-icon-081,assets/icons/pm-icon-081.svg,svg icon,,ParchMint design team (Penpot),exported from archive geometry; Material-aligned monochrome metaphor,included,563ed99c3126b379d23800e8650714360d4dc3ea9829710c35fe3e6e6b5091db,both,icon glyph asset (token-colored in app),canonical source: PM / Screen / export-success
pm-icon-082,assets/icons/pm-icon-082.svg,svg icon,,ParchMint design team (Penpot),exported from archive geometry; Material-aligned monochrome metaphor,included,e62edc30ccfbfcfc12261ced541a801f69b8c592b1632327445c92d6fcdf1eef,both,icon glyph asset (token-colored in app),canonical source: PM / Screen / export-success
pm-icon-083,assets/icons/pm-icon-083.svg,svg icon,,ParchMint design team (Penpot),exported from archive geometry; Material-aligned monochrome metaphor,included,03ae8ec3d8c6a968dbb54753537b7eb014c29e7a6e78ca2facdfa4891624f8f4,both,icon glyph asset (token-colored in app),canonical source: PM / Screen / search-result-navigation
pm-icon-084,assets/icons/pm-icon-084.svg,svg icon,,ParchMint design team (Penpot),exported from archive geometry; Material-aligned monochrome metaphor,included,e088849e24661545dac5cb1cc86cc25188e7374caab7645a648df3402606a7b9,both,icon glyph asset (token-colored in app),canonical source: PM / Screen / search-result-navigation
pm-icon-085,assets/icons/pm-icon-085.svg,svg icon,,ParchMint design team (Penpot),exported from archive geometry; Material-aligned monochrome metaphor,included,4256a705d0cdf0f39ff07e75adbc173bad4997875b44aac431d12af173d5a63b,both,icon glyph asset (token-colored in app),canonical source: PM / Screen / search-query-entry
pm-icon-086,assets/icons/pm-icon-086.svg,svg icon,,ParchMint design team (Penpot),exported from archive geometry; Material-aligned monochrome metaphor,included,e22cdf88f651f2a7baa3ba15a61f45fbb9e73e529c6d2f3e618be2ea24d09068,both,icon glyph asset (token-colored in app),canonical source: PM / Screen / search-query-entry
pm-icon-087,assets/icons/pm-icon-087.svg,svg icon,,ParchMint design team (Penpot),exported from archive geometry; Material-aligned monochrome metaphor,included,cf28ed02a6a71c38d52e1cd58114e5b7773d53cf470eefc67104661a100b16ab,both,icon glyph asset (token-colored in app),canonical source: PM / Screen / inspector-group-no-comments
pm-icon-088,assets/icons/pm-icon-088.svg,svg icon,,ParchMint design team (Penpot),exported from archive geometry; Material-aligned monochrome metaphor,included,6fb8f379139bbb25ee56ca4f182e1624f61a854e624d0e5c1048c078f99666d8,both,icon glyph asset (token-colored in app),canonical source: PM / Screen / inspector-group-no-comments
pm-icon-089,assets/icons/pm-icon-089.svg,svg icon,,ParchMint design team (Penpot),exported from archive geometry; Material-aligned monochrome metaphor,included,a3dcd59494caa72c90dc20cfde8ebacd4e9adba92ebb19214306bb3edc2e1845,both,icon glyph asset (token-colored in app),canonical source: PM / Screen / comments-replies-collapsed
pm-icon-090,assets/icons/pm-icon-090.svg,svg icon,,ParchMint design team (Penpot),exported from archive geometry; Material-aligned monochrome metaphor,included,4992402da56862f449190163831b16f0e9922b68da86c42616b909559969a280,both,icon glyph asset (token-colored in app),canonical source: PM / Screen / editor-local-find
pm-icon-091,assets/icons/pm-icon-091.svg,svg icon,,ParchMint design team (Penpot),exported from archive geometry; Material-aligned monochrome metaphor,included,3f11599e23f9a034d9b0480df782c729e6ca03f6a3d8690038aa42ddcfec00e4,both,icon glyph asset (token-colored in app),canonical source: PM / Screen / cards-research-selected
pm-icon-092,assets/icons/pm-icon-092.svg,svg icon,,ParchMint design team (Penpot),exported from archive geometry; Material-aligned monochrome metaphor,included,d220330e24a43fb85931bef933db54efe204138d2c8f2ea7e8595c5e9b7e3410,both,icon glyph asset (token-colored in app),canonical source: PM / Screen / editor-local-find
pm-icon-093,assets/icons/pm-icon-093.svg,svg icon,,ParchMint design team (Penpot),exported from archive geometry; Material-aligned monochrome metaphor,included,97d4e5b28afb53354c0079303fb61de75fd265ae014f642549d4624d38f1d5ed,both,icon glyph asset (token-colored in app),canonical source: PM / Screen / editor-local-find
pm-icon-094,assets/icons/pm-icon-094.svg,svg icon,,ParchMint design team (Penpot),exported from archive geometry; Material-aligned monochrome metaphor,included,098898f12ecddc5dca34408bbb96f770e4f40a5062397d3621f6d79386c12e46,both,icon glyph asset (token-colored in app),canonical source: PM / Screen / inspector-group-no-comments
pm-icon-095,assets/icons/pm-icon-095.svg,svg icon,,ParchMint design team (Penpot),exported from archive geometry; Material-aligned monochrome metaphor,included,c23b0c9383a873986260acd4ab1913d082bc08383592ee03d2f1adba9ed4e812,both,icon glyph asset (token-colored in app),canonical source: PM / Screen / editor-dual-manuscript-research-right-focus
pm-icon-096,assets/icons/pm-icon-096.svg,svg icon,,ParchMint design team (Penpot),exported from archive geometry; Material-aligned monochrome metaphor,included,dde2aae8b7a3d08f62cc0c853784ffcd86a96b145cd3c37048ace72201fc986a,both,icon glyph asset (token-colored in app),canonical source: PM / Screen / editor-dual-manuscript-research-right-focus
pm-icon-097,assets/icons/pm-icon-097.svg,svg icon,,ParchMint design team (Penpot),exported from archive geometry; Material-aligned monochrome metaphor,included,6f55781c2036087962b60133fc06a83269fd133e0f8264e02563f6eeef75bb7c,both,icon glyph asset (token-colored in app),canonical source: PM / Screen / editor-dual-manuscript-research-right-focus
pm-icon-098,assets/icons/pm-icon-098.svg,svg icon,,ParchMint design team (Penpot),exported from archive geometry; Material-aligned monochrome metaphor,included,e8103f991206e1da70d00f38e73a07c661ec9c11a5dd5c3f1c947b1c9818d9ed,both,icon glyph asset (token-colored in app),canonical source: PM / Screen / cards-research-selected
pm-icon-099,assets/icons/pm-icon-099.svg,svg icon,,ParchMint design team (Penpot),exported from archive geometry; Material-aligned monochrome metaphor,included,f388441435a19f55f9d995e729a304c065c9391ac457e54b96819d0414565e52,both,icon glyph asset (token-colored in app),canonical source: PM / Screen / cards-research-selected
pm-icon-100,assets/icons/pm-icon-100.svg,svg icon,,ParchMint design team (Penpot),exported from archive geometry; Material-aligned monochrome metaphor,included,48cacd679843d81cfbe0b2682aaad7f43bfe57fb7d297ba4fcda411811e6dff1,both,icon glyph asset (token-colored in app),canonical source: PM / Screen / editor-long-comments
pm-icon-101,assets/icons/pm-icon-101.svg,svg icon,,ParchMint design team (Penpot),exported from archive geometry; Material-aligned monochrome metaphor,included,50135d61a808a432876d78ed799d874f8ada5b3885ab0c8f26c1aef448766be3,both,icon glyph asset (token-colored in app),canonical source: PM / Prototype Terminal / create-and-write / editor-ready
pm-icon-102,assets/icons/pm-icon-102.svg,svg icon,,ParchMint design team (Penpot),exported from archive geometry; Material-aligned monochrome metaphor,included,0d5d890f621c22cf59ccd8468c4626a94120e3f4c036a763fb709a1dba9be6ed,both,icon glyph asset (token-colored in app),canonical source: PM / Screen / editor-single-default
pm-icon-103,assets/icons/pm-icon-103.svg,svg icon,,ParchMint design team (Penpot),exported from archive geometry; Material-aligned monochrome metaphor,included,0f35caeb6abd04695de05c2e4acb069712a3684613677804dc0dd488e635bb3e,both,icon glyph asset (token-colored in app),canonical source: PM / Screen / editor-dual-manuscript-research-left-focus
pm-icon-104,assets/icons/pm-icon-104.svg,svg icon,,ParchMint design team (Penpot),exported from archive geometry; Material-aligned monochrome metaphor,included,e756d6b199b218624cfe4cd445677b70591a11d4ba60c8a2880e966d3a54a473,both,icon glyph asset (token-colored in app),canonical source: PM / Prototype Terminal / save-failure-retry / editor-saved
pm-icon-105,assets/icons/pm-icon-105.svg,svg icon,,ParchMint design team (Penpot),exported from archive geometry; Material-aligned monochrome metaphor,included,66162f7e782103dc9695f7e66a923e2f899b235560f41161ce91384584c67ed7,both,icon glyph asset (token-colored in app),canonical source: PM / Screen / editor-semantic-content-and-breaks
pm-icon-106,assets/icons/pm-icon-106.svg,svg icon,,ParchMint design team (Penpot),exported from archive geometry; Material-aligned monochrome metaphor,included,38ee44c276d5dd7ec9c5ce3ec33845d0fe62d88a3576ad1853aa4ec6eb2a2512,both,icon glyph asset (token-colored in app),canonical source: PM / Prototype Terminal / cards-and-organize / editor-return
pm-icon-107,assets/icons/pm-icon-107.svg,svg icon,,ParchMint design team (Penpot),exported from archive geometry; Material-aligned monochrome metaphor,included,6213ba1e93a5de4c80886a03b4421171956b5d2cc5088d2ebf61bff7b827415e,both,icon glyph asset (token-colored in app),canonical source: PM / Screen / editor-local-replace
pm-icon-108,assets/icons/pm-icon-108.svg,svg icon,,ParchMint design team (Penpot),exported from archive geometry; Material-aligned monochrome metaphor,included,51ae4b7e95ce843163f81c8b0f7c2f6e08ea096da1c174d6d784fdfbb69a6ff3,both,icon glyph asset (token-colored in app),canonical source: PM / Screen / cards-deep-expanded
pm-icon-109,assets/icons/pm-icon-109.svg,svg icon,,ParchMint design team (Penpot),exported from archive geometry; Material-aligned monochrome metaphor,included,c4246fa8ce4c1c0f20d75bdf84fb13da09936eb134f7ab7db3c8d3dd27633a3c,both,icon glyph asset (token-colored in app),canonical source: PM / Screen / editor-local-replace
pm-icon-110,assets/icons/pm-icon-110.svg,svg icon,,ParchMint design team (Penpot),exported from archive geometry; Material-aligned monochrome metaphor,included,1d255a42deeba8e163e48841643d395565ab8ecae0a459f13210449803b97965,both,icon glyph asset (token-colored in app),canonical source: PM / Screen / editor-dual-two-manuscript
pm-icon-111,assets/icons/pm-icon-111.svg,svg icon,,ParchMint design team (Penpot),exported from archive geometry; Material-aligned monochrome metaphor,included,b6469ce2a24b55cf989a4435262535ef6a8e6318c16d2888eefc216df4d38473,both,icon glyph asset (token-colored in app),canonical source: PM / Screen / editor-dual-two-manuscript
pm-icon-112,assets/icons/pm-icon-112.svg,svg icon,,ParchMint design team (Penpot),exported from archive geometry; Material-aligned monochrome metaphor,included,0fbb53c7b7d1baa217671d2c6bc20393f53e2989b95b31b0bc13c92e0e7a4317,both,icon glyph asset (token-colored in app),canonical source: PM / Screen / cards-deep-expanded
pm-icon-113,assets/icons/pm-icon-113.svg,svg icon,,ParchMint design team (Penpot),exported from archive geometry; Material-aligned monochrome metaphor,included,affbb95dc78525353c9d911cccce96714a7e9aec6da4ffe63cc402192f1cd6e1,both,icon glyph asset (token-colored in app),canonical source: PM / Screen / search-stale-deleted-results
pm-icon-114,assets/icons/pm-icon-114.svg,svg icon,,ParchMint design team (Penpot),exported from archive geometry; Material-aligned monochrome metaphor,included,9aa7e6094553cc6bc018dbbeaa4d3a2b8a9d2fda46aa6d66df8ec28fc0b1fd5b,both,icon glyph asset (token-colored in app),canonical source: PM / Screen / search-stale-deleted-results
pm-icon-115,assets/icons/pm-icon-115.svg,svg icon,,ParchMint design team (Penpot),exported from archive geometry; Material-aligned monochrome metaphor,included,a584f2e34509e47601fa653cac72260633832d78ec0e042b44b3432c879a87da,both,icon glyph asset (token-colored in app),canonical source: PM / Screen / search-no-results
pm-icon-116,assets/icons/pm-icon-116.svg,svg icon,,ParchMint design team (Penpot),exported from archive geometry; Material-aligned monochrome metaphor,included,76193517f7cb63635547b17c506b1c688dd58e4b00ae430450e1654d74270ce1,both,icon glyph asset (token-colored in app),canonical source: PM / Screen / search-no-results
pm-icon-117,assets/icons/pm-icon-117.svg,svg icon,,ParchMint design team (Penpot),exported from archive geometry; Material-aligned monochrome metaphor,included,d6ee07361cb44d3b26c4ece2e8c1c9b1cab743e2c13cb76de8d9ff301ac74bde,both,icon glyph asset (token-colored in app),canonical source: PM / Screen / editor-local-replace
pm-icon-118,assets/icons/pm-icon-118.svg,svg icon,,ParchMint design team (Penpot),exported from archive geometry; Material-aligned monochrome metaphor,included,5f9a2c38113efb9cbc18d55eee9da79dc6f2e4ca8d6165275fdb4b34c59192df,both,icon glyph asset (token-colored in app),canonical source: PM / Screen / cards-deep-expanded
pm-icon-119,assets/icons/pm-icon-119.svg,svg icon,,ParchMint design team (Penpot),exported from archive geometry; Material-aligned monochrome metaphor,included,075db8ec0bf3967105b0458c3aa71f563aafb916d9432d8ce4c4bdc23b221f40,both,icon glyph asset (token-colored in app),canonical source: PM / Screen / editor-dual-two-manuscript
pm-icon-120,assets/icons/pm-icon-120.svg,svg icon,,ParchMint design team (Penpot),exported from archive geometry; Material-aligned monochrome metaphor,included,7da1e314824b4355076e4a4167a5c556c5c546d7718272dbdc68d8c2692f7894,both,icon glyph asset (token-colored in app),canonical source: PM / Screen / cards-density-compact · Production
pm-icon-121,assets/icons/pm-icon-121.svg,svg icon,,ParchMint design team (Penpot),exported from archive geometry; Material-aligned monochrome metaphor,included,49bb501d155d8a6537f8059f0642950b305b1c42cd5bac47a6483c7cef24462c,both,icon glyph asset (token-colored in app),canonical source: PM / Screen / cards-density-compact · Production
pm-icon-122,assets/icons/pm-icon-122.svg,svg icon,,ParchMint design team (Penpot),exported from archive geometry; Material-aligned monochrome metaphor,included,67f3805e8016291058693a9b73ee4392f50f2ab825b943454c83ffe49a8cb2a5,both,icon glyph asset (token-colored in app),canonical source: PM / Screen / cards-manuscript-default
pm-icon-123,assets/icons/pm-icon-123.svg,svg icon,,ParchMint design team (Penpot),exported from archive geometry; Material-aligned monochrome metaphor,included,7291d121130b53220baae8dd1bb69f5bb5182e2e17c6ca7cfa5717afcc442552,both,icon glyph asset (token-colored in app),canonical source: PM / Screen / cards-manuscript-default
pm-icon-124,assets/icons/pm-icon-124.svg,svg icon,,ParchMint design team (Penpot),exported from archive geometry; Material-aligned monochrome metaphor,included,0acfed9666de798c11c0888b75ad50d6049f8fbb753284068c857a1c4ae46a03,both,icon glyph asset (token-colored in app),canonical source: PM / Screen / cards-deep-expanded
pm-icon-125,assets/icons/pm-icon-125.svg,svg icon,,ParchMint design team (Penpot),exported from archive geometry; Material-aligned monochrome metaphor,included,12dbb23c2412c8c7ddc844d3d1cd295c16c6467de2d5e0ed352c715e5bb80030,both,icon glyph asset (token-colored in app),canonical source: PM / Screen / cards-deep-expanded
pm-icon-126,assets/icons/pm-icon-126.svg,svg icon,,ParchMint design team (Penpot),exported from archive geometry; Material-aligned monochrome metaphor,included,709d941bf9ac57d94c08b10a17f580b75c2b234818d12f55fd0994f3780edb5c,both,icon glyph asset (token-colored in app),canonical source: PM / Screen / cards-deep-expanded
pm-icon-127,assets/icons/pm-icon-127.svg,svg icon,,ParchMint design team (Penpot),exported from archive geometry; Material-aligned monochrome metaphor,included,79f4a2b285a9cf6e729f12031188bbe3f2460566521cea1a48d9aed7dfb11223,both,icon glyph asset (token-colored in app),canonical source: PM / Screen / cards-deep-expanded
pm-icon-128,assets/icons/pm-icon-128.svg,svg icon,,ParchMint design team (Penpot),exported from archive geometry; Material-aligned monochrome metaphor,included,455a9dfce7936ed8c811f22316a4ba568641f220181290f7437ef86d8af48a27,both,icon glyph asset (token-colored in app),canonical source: PM / Components / General Controls
pm-icon-129,assets/icons/pm-icon-129.svg,svg icon,,ParchMint design team (Penpot),exported from archive geometry; Material-aligned monochrome metaphor,included,b833d9f6b389ac320e3f62009b3ef4c7650b6185f6c6e14566d1cd08038ffb2a,both,icon glyph asset (token-colored in app),canonical source: PM / Screen / export-failure
pm-icon-130,assets/icons/pm-icon-130.svg,svg icon,,ParchMint design team (Penpot),exported from archive geometry; Material-aligned monochrome metaphor,included,7b3c5884371e73c1a50dc097ddd9f4bc730faa19e70b425b5d9b590f7220dd8c,both,icon glyph asset (token-colored in app),canonical source: PM / Screen / export-failure
pm-icon-131,assets/icons/pm-icon-131.svg,svg icon,,ParchMint design team (Penpot),exported from archive geometry; Material-aligned monochrome metaphor,included,32ceac1a8e6bf45b27b5335517c2cca8be54baf9649b646248ffef1d59ce8b02,both,icon glyph asset (token-colored in app),canonical source: PM / Screen / export-progress
pm-icon-132,assets/icons/pm-icon-132.svg,svg icon,,ParchMint design team (Penpot),exported from archive geometry; Material-aligned monochrome metaphor,included,e8e52b1f9349ca1adad7021eb2734a0f45aa50b9019e671001d0768ebac86380,both,icon glyph asset (token-colored in app),canonical source: PM / Screen / export-progress
pm-icon-133,assets/icons/pm-icon-133.svg,svg icon,,ParchMint design team (Penpot),exported from archive geometry; Material-aligned monochrome metaphor,included,e86864a78b89733a2c4dda508ec007eb584eed6d56302aa59074266fd47ca7a3,both,icon glyph asset (token-colored in app),canonical source: PM / Screen / inspector-no-metadata-fields
pm-icon-134,assets/icons/pm-icon-134.svg,svg icon,,ParchMint design team (Penpot),exported from archive geometry; Material-aligned monochrome metaphor,included,0ef1b8ff26c532e0461c99f5fd5abc6b6e8938d369d6afc728706c2bb3a7743f,both,icon glyph asset (token-colored in app),canonical source: PM / Screen / inspector-no-metadata-fields
pm-icon-135,assets/icons/pm-icon-135.svg,svg icon,,ParchMint design team (Penpot),exported from archive geometry; Material-aligned monochrome metaphor,included,f7f70c5b94e41acf79127ebfec244335c92060624935b9d227055db3f3719aa3,both,icon glyph asset (token-colored in app),canonical source: PM / Screen / comments-replies-expanded-composer
pm-icon-136,assets/icons/pm-icon-136.svg,svg icon,,ParchMint design team (Penpot),exported from archive geometry; Material-aligned monochrome metaphor,included,bbf28e82200bde2c3d1e9a83dccf1ab58d8715b1d8107bc03ed4b78ecef7930d,both,icon glyph asset (token-colored in app),canonical source: PM / Screen / editor-local-replace
pm-icon-137,assets/icons/pm-icon-137.svg,svg icon,,ParchMint design team (Penpot),exported from archive geometry; Material-aligned monochrome metaphor,included,28b80c18ce55e954c9489d57e8689cd810342ff7b17e8f4379dec642d3cc2e81,both,icon glyph asset (token-colored in app),canonical source: PM / Screen / editor-explorer-collapsed
pm-icon-138,assets/icons/pm-icon-138.svg,svg icon,,ParchMint design team (Penpot),exported from archive geometry; Material-aligned monochrome metaphor,included,038f99ca402446d509a12124dd701cbd41ab280f6a7b9b3c14bb17b85f2b88c8,both,icon glyph asset (token-colored in app),canonical source: PM / Screen / editor-local-replace
pm-icon-139,assets/icons/pm-icon-139.svg,svg icon,,ParchMint design team (Penpot),exported from archive geometry; Material-aligned monochrome metaphor,included,6e75048dd1bd514a4a6383053b1e12376d55981bb93e463753d58f68ccc8124c,both,icon glyph asset (token-colored in app),canonical source: PM / Screen / inspector-no-metadata-fields
pm-icon-140,assets/icons/pm-icon-140.svg,svg icon,,ParchMint design team (Penpot),exported from archive geometry; Material-aligned monochrome metaphor,included,e03dda843c52d063856ae6f79fd0f486f6c7468ae0dc05507fbf87d7e56668ff,both,icon glyph asset (token-colored in app),canonical source: PM / Screen / editor-local-replace
pm-icon-141,assets/icons/pm-icon-141.svg,svg icon,,ParchMint design team (Penpot),exported from archive geometry; Material-aligned monochrome metaphor,included,7981350c02997dd49c809c88c02314fab4d20a880b35dd54abda113b2d13ee7f,both,icon glyph asset (token-colored in app),canonical source: PM / Screen / editor-dual-two-manuscript
pm-icon-142,assets/icons/pm-icon-142.svg,svg icon,,ParchMint design team (Penpot),exported from archive geometry; Material-aligned monochrome metaphor,included,bacfa5563041d58f834ec2510e24cd9d1cef3a7b987b5a68fdb3c193d06a57f3,both,icon glyph asset (token-colored in app),canonical source: PM / Screen / editor-dual-two-manuscript
pm-icon-143,assets/icons/pm-icon-143.svg,svg icon,,ParchMint design team (Penpot),exported from archive geometry; Material-aligned monochrome metaphor,included,1c798c8883910f77a2ac48851c437d4ce2b3ebecc1ddeaf0d5abcfbd36f6d0d7,both,icon glyph asset (token-colored in app),canonical source: PM / Screen / editor-dual-two-manuscript
pm-icon-144,assets/icons/pm-icon-144.svg,svg icon,,ParchMint design team (Penpot),exported from archive geometry; Material-aligned monochrome metaphor,included,2d2441b2a901753dd2084276ddbc321004f5cdbda09dccb193224231f0754f61,both,icon glyph asset (token-colored in app),canonical source: PM / Screen / editor-explorer-collapsed
pm-icon-145,assets/icons/pm-icon-145.svg,svg icon,,ParchMint design team (Penpot),exported from archive geometry; Material-aligned monochrome metaphor,included,1cbba5bc1a2c4eb4be1ec3f7201de2f9ef74566c04712066a9de5e0f1a53fb81,both,icon glyph asset (token-colored in app),canonical source: PM / Screen / editor-explorer-collapsed
pm-icon-146,assets/icons/pm-icon-146.svg,svg icon,,ParchMint design team (Penpot),exported from archive geometry; Material-aligned monochrome metaphor,included,4ab9ee9213efd3aa849b38a815dba9e36b865158402363c80d9966b4fbd1e9eb,both,icon glyph asset (token-colored in app),canonical source: PM / Screen / cards-drag-multiselect
pm-icon-147,assets/icons/pm-icon-147.svg,svg icon,,ParchMint design team (Penpot),exported from archive geometry; Material-aligned monochrome metaphor,included,b782e41decd7fe44df049571ee72819bc5b6e3c166b903bac08d54c404d75739,both,icon glyph asset (token-colored in app),canonical source: PM / Screen / editor-inspector-collapsed
pm-icon-148,assets/icons/pm-icon-148.svg,svg icon,,ParchMint design team (Penpot),exported from archive geometry; Material-aligned monochrome metaphor,included,9d85d0835f88aa8d1d82b865f9c8eafb0c9a7cfdefbdd217499e5d13f6257b2f,both,icon glyph asset (token-colored in app),canonical source: PM / Screen / cards-drag-multiselect
pm-icon-149,assets/icons/pm-icon-149.svg,svg icon,,ParchMint design team (Penpot),exported from archive geometry; Material-aligned monochrome metaphor,included,8175ef8f5400eddf23de4988090d5c3d40014a53216d4159ca6992c8c4ff6e71,both,icon glyph asset (token-colored in app),canonical source: PM / Screen / editor-same-document-two-views
pm-icon-150,assets/icons/pm-icon-150.svg,svg icon,,ParchMint design team (Penpot),exported from archive geometry; Material-aligned monochrome metaphor,included,10c4953d5323f9a882000efaf638f1209eb9069ddb2384e5f344e73a702634e7,both,icon glyph asset (token-colored in app),canonical source: PM / Screen / editor-same-document-two-views
pm-icon-151,assets/icons/pm-icon-151.svg,svg icon,,ParchMint design team (Penpot),exported from archive geometry; Material-aligned monochrome metaphor,included,98b665cada7e1aa07f4a57b0189e165f7064dac221a33982097f6d3ff3dbbd70,both,icon glyph asset (token-colored in app),canonical source: PM / Screen / editor-inspector-collapsed
pm-icon-152,assets/icons/pm-icon-152.svg,svg icon,,ParchMint design team (Penpot),exported from archive geometry; Material-aligned monochrome metaphor,included,9b6bfa769fdb2533f2fd7625f2a1fcb51cb1fb03a5c344fc202782ab069afa0b,both,icon glyph asset (token-colored in app),canonical source: PM / Screen / editor-context-menu-add-comment
pm-icon-153,assets/icons/pm-icon-153.svg,svg icon,,ParchMint design team (Penpot),exported from archive geometry; Material-aligned monochrome metaphor,included,d5b7a724039591195e4b60dc98267b88b59bd61c08abc3fc6a27ab8538926e92,both,icon glyph asset (token-colored in app),canonical source: PM / Screen / editor-context-menu-add-comment
pm-icon-154,assets/icons/pm-icon-154.svg,svg icon,,ParchMint design team (Penpot),exported from archive geometry; Material-aligned monochrome metaphor,included,8b8117426e3ad666b05a78dffda20a86e042664a5bbb3c446630bfda53860a1d,both,icon glyph asset (token-colored in app),canonical source: PM / Screen / cards-drag-multiselect
pm-icon-155,assets/icons/pm-icon-155.svg,svg icon,,ParchMint design team (Penpot),exported from archive geometry; Material-aligned monochrome metaphor,included,aaa6e03715459ac701c0b7bd346cd7bdb3ebb9d2c6ca2cf977a3d6f68aa6e420,both,icon glyph asset (token-colored in app),canonical source: PM / Screen / editor-inspector-collapsed
pm-icon-156,assets/icons/pm-icon-156.svg,svg icon,,ParchMint design team (Penpot),exported from archive geometry; Material-aligned monochrome metaphor,included,28f739fe21d79ee7a4c1622dd6b594e4da142f640bb79cac5d593b9c0b41a2c2,both,icon glyph asset (token-colored in app),canonical source: PM / Screen / editor-same-document-two-views
pm-icon-157,assets/icons/pm-icon-157.svg,svg icon,,ParchMint design team (Penpot),exported from archive geometry; Material-aligned monochrome metaphor,included,dc53e75d8ae7a19f00d7a660b58cb4c656fc106e926cf720e92e0b6d6c0403ce,both,icon glyph asset (token-colored in app),canonical source: PM / Screen / editor-context-menu-add-comment
pm-icon-158,assets/icons/pm-icon-158.svg,svg icon,,ParchMint design team (Penpot),exported from archive geometry; Material-aligned monochrome metaphor,included,2009d80d1fff5076afcb6731bc55650fccf50152ca6394859ed0bdc6cbf23c98,both,icon glyph asset (token-colored in app),canonical source: PM / Components / Inspector Comments Cards
pm-icon-159,assets/icons/pm-icon-159.svg,svg icon,,ParchMint design team (Penpot),exported from archive geometry; Material-aligned monochrome metaphor,included,1aefb03146f17eed259ee219dfa5e6863ae03eff90ab452b9e25454bbeb9f65a,both,icon glyph asset (token-colored in app),canonical source: PM / Components / Inspector Comments Cards
pm-icon-160,assets/icons/pm-icon-160.svg,svg icon,,ParchMint design team (Penpot),exported from archive geometry; Material-aligned monochrome metaphor,included,5859f3907e3ef0d2f3945b528fef91495518df8ff5e7bc721d188dca38e15345,both,icon glyph asset (token-colored in app),canonical source: PM / Components / Inspector Comments Cards
pm-icon-161,assets/icons/pm-icon-161.svg,svg icon,,ParchMint design team (Penpot),exported from archive geometry; Material-aligned monochrome metaphor,included,de579631dbfaaab9c9731a61043540f7caccdfc18a6c397f426b5dcce40f2ba6,both,icon glyph asset (token-colored in app),canonical source: PM / Screen / cards-drag-multiselect
pm-icon-162,assets/icons/pm-icon-162.svg,svg icon,,ParchMint design team (Penpot),exported from archive geometry; Material-aligned monochrome metaphor,included,9bf781b4ff4fd335722f509eb6357ffa69de61a830195010ff2bb53d24440422,both,icon glyph asset (token-colored in app),canonical source: PM / Screen / cards-drag-multiselect
pm-icon-163,assets/icons/pm-icon-163.svg,svg icon,,ParchMint design team (Penpot),exported from archive geometry; Material-aligned monochrome metaphor,included,f0063af234b1f63a0c880030b0bdf462df543260d0f43521dfef26a86399783b,both,icon glyph asset (token-colored in app),canonical source: PM / Screen / cards-collapsed-groups
pm-icon-164,assets/icons/pm-icon-164.svg,svg icon,,ParchMint design team (Penpot),exported from archive geometry; Material-aligned monochrome metaphor,included,761d90b033e205c47fcca4a381fb4ee60cbe068f39ab14361b071ba06f2118d8,both,icon glyph asset (token-colored in app),canonical source: PM / Screen / cards-collapsed-groups
pm-icon-165,assets/icons/pm-icon-165.svg,svg icon,,ParchMint design team (Penpot),exported from archive geometry; Material-aligned monochrome metaphor,included,808f8bd24686231ec0e91f54700ea8ea22a2e33043e4db1743d1be19d7b48e0b,both,icon glyph asset (token-colored in app),canonical source: PM / Screen / export-project-output-controls
pm-icon-166,assets/icons/pm-icon-166.svg,svg icon,,ParchMint design team (Penpot),exported from archive geometry; Material-aligned monochrome metaphor,included,0719a56ee421b814307c8b5fa8a3ccfdcdf385f77836bf22763518cb9a3a7a82,both,icon glyph asset (token-colored in app),canonical source: PM / Screen / export-project-output-controls
pm-icon-167,assets/icons/pm-icon-167.svg,svg icon,,ParchMint design team (Penpot),exported from archive geometry; Material-aligned monochrome metaphor,included,e49058581b8889fbe52a37c29d55f380a78beeefb4bdb6510769b7fcf9efc39b,both,icon glyph asset (token-colored in app),canonical source: PM / Components / Inspector Comments Cards
pm-icon-168,assets/icons/pm-icon-168.svg,svg icon,,ParchMint design team (Penpot),exported from archive geometry; Material-aligned monochrome metaphor,included,fabb0bc4900a5d40f471727733467f78cfec138acd6f795203fe9a80caea2a68,both,icon glyph asset (token-colored in app),canonical source: PM / Screen / comments-resolved-thread
pm-icon-169,assets/icons/pm-icon-169.svg,svg icon,,ParchMint design team (Penpot),exported from archive geometry; Material-aligned monochrome metaphor,included,3c123e85e38f00326e4052d32ce85a32d81f3586411bc9928cb2b518ae5f642c,both,icon glyph asset (token-colored in app),canonical source: PM / Screen / cards-drag-multiselect
pm-icon-170,assets/icons/pm-icon-170.svg,svg icon,,ParchMint design team (Penpot),exported from archive geometry; Material-aligned monochrome metaphor,included,204a3d397ae472d1bbfefd5b80f426091a101e7ae15493c7ac4c285f0b1e0400,both,icon glyph asset (token-colored in app),canonical source: PM / Screen / cards-collapsed-groups
pm-icon-171,assets/icons/pm-icon-171.svg,svg icon,,ParchMint design team (Penpot),exported from archive geometry; Material-aligned monochrome metaphor,included,ee178ccea69cfb8246490f00b23107864bd2868894d6f6d3a71da9ca160c075c,both,icon glyph asset (token-colored in app),canonical source: PM / Screen / cards-drag-multiselect
pm-icon-172,assets/icons/pm-icon-172.svg,svg icon,,ParchMint design team (Penpot),exported from archive geometry; Material-aligned monochrome metaphor,included,55e9b2920d7d776f931216a46300a8b73fe3db73a40c2de163a073b56ecbe7ef,both,icon glyph asset (token-colored in app),canonical source: PM / Screen / cards-drag-multiselect
pm-icon-173,assets/icons/pm-icon-173.svg,svg icon,,ParchMint design team (Penpot),exported from archive geometry; Material-aligned monochrome metaphor,included,223f6c4b37375637f81a16ca5cb38463080b3b937907a18fcf5f5288db8acece,both,icon glyph asset (token-colored in app),canonical source: PM / Screen / inspector-many-metadata-fields
pm-icon-174,assets/icons/pm-icon-174.svg,svg icon,,ParchMint design team (Penpot),exported from archive geometry; Material-aligned monochrome metaphor,included,7d2da795999c9ebbb3e0930be7ea5bbb26dd111d4886393cfefe5ba51cb9b5cd,both,icon glyph asset (token-colored in app),canonical source: PM / Screen / editor-same-document-two-views
pm-icon-175,assets/icons/pm-icon-175.svg,svg icon,,ParchMint design team (Penpot),exported from archive geometry; Material-aligned monochrome metaphor,included,3eaf52dedbe60f6ffebbc0c0525dcf1d8f49d4d0b43194725f0cb19319749f5f,both,icon glyph asset (token-colored in app),canonical source: PM / Screen / editor-same-document-two-views
pm-icon-176,assets/icons/pm-icon-176.svg,svg icon,,ParchMint design team (Penpot),exported from archive geometry; Material-aligned monochrome metaphor,included,f5799bcd2db1796a7a14a7b1cb5dba8101209504c018c3a00628559d7c4329ba,both,icon glyph asset (token-colored in app),canonical source: PM / Screen / editor-same-document-two-views
pm-icon-177,assets/icons/pm-icon-177.svg,svg icon,,ParchMint design team (Penpot),exported from archive geometry; Material-aligned monochrome metaphor,included,f12f6b4d79f0306b41c203ee77dc2b94930b8f7305466845d39d6091706a3078,both,icon glyph asset (token-colored in app),canonical source: PM / Screen / cards-collapsed-groups
pm-icon-178,assets/icons/pm-icon-178.svg,svg icon,,ParchMint design team (Penpot),exported from archive geometry; Material-aligned monochrome metaphor,included,ec4f9a53949bf651d74e64f5bff74267b3fed9bfa0a80c0647bd6e4093259740,both,icon glyph asset (token-colored in app),canonical source: PM / Screen / editor-context-menu-add-comment
pm-icon-179,assets/icons/pm-icon-179.svg,svg icon,,ParchMint design team (Penpot),exported from archive geometry; Material-aligned monochrome metaphor,included,e7e6c4a394e3cef0b0a7200f8c733b1f16bba3a9655d74bfd538d7a7a63f697a,both,icon glyph asset (token-colored in app),canonical source: PM / Screen / editor-context-menu-add-comment
pm-icon-180,assets/icons/pm-icon-180.svg,svg icon,,ParchMint design team (Penpot),exported from archive geometry; Material-aligned monochrome metaphor,included,9e71a9e58d8d666d31593832671cd5f7635a8855358b87835d153f72578b3d85,both,icon glyph asset (token-colored in app),canonical source: PM / Screen / editor-context-menu-add-comment
pm-icon-181,assets/icons/pm-icon-181.svg,svg icon,,ParchMint design team (Penpot),exported from archive geometry; Material-aligned monochrome metaphor,included,5486a0a4af85f701cd2892ce203a65ba74686b6b130056582d9a19d2a2601747,both,icon glyph asset (token-colored in app),canonical source: PM / Screen / cards-collapsed-groups
pm-icon-182,assets/icons/pm-icon-182.svg,svg icon,,ParchMint design team (Penpot),exported from archive geometry; Material-aligned monochrome metaphor,included,143cbd16d904c476ccc494d4e2e742c77e7ca3f18fc607ecd0eafbb796e4ca57,both,icon glyph asset (token-colored in app),canonical source: PM / Screen / unsupported-pasted-image
pm-icon-183,assets/icons/pm-icon-183.svg,svg icon,,ParchMint design team (Penpot),exported from archive geometry; Material-aligned monochrome metaphor,included,51ee654df71f0725657034fab254325d00f6201173eb4ae8a46e9d02c34f72d4,both,icon glyph asset (token-colored in app),canonical source: PM / Screen / unsupported-pasted-image
pm-icon-184,assets/icons/pm-icon-184.svg,svg icon,,ParchMint design team (Penpot),exported from archive geometry; Material-aligned monochrome metaphor,included,5e6ac913a55ca25ca98a38689efbe023f90254008aa1b9cad7245bb2a9b6106f,both,icon glyph asset (token-colored in app),canonical source: PM / Screen / explorer-context-menu-actions
pm-icon-185,assets/icons/pm-icon-185.svg,svg icon,,ParchMint design team (Penpot),exported from archive geometry; Material-aligned monochrome metaphor,included,1dc0469dda2ba91dc4982a217cf40585f33bc8c111899bb5a8db450c525bf2aa,both,icon glyph asset (token-colored in app),canonical source: PM / Screen / explorer-context-menu-actions
pm-icon-186,assets/icons/pm-icon-186.svg,svg icon,,ParchMint design team (Penpot),exported from archive geometry; Material-aligned monochrome metaphor,included,903420825b7a464fa91c02a669b404c1d9617953742e1f3c0767528e1926b4ba,both,icon glyph asset (token-colored in app),canonical source: PM / Screen / unsupported-pasted-image
pm-icon-187,assets/icons/pm-icon-187.svg,svg icon,,ParchMint design team (Penpot),exported from archive geometry; Material-aligned monochrome metaphor,included,a6c7cca29fe9016e345eca1669a28dc0ea5bbfba4ebf0d7c732827cb2472d322,both,icon glyph asset (token-colored in app),canonical source: PM / Screen / explorer-context-menu-actions
pm-icon-188,assets/icons/pm-icon-188.svg,svg icon,,ParchMint design team (Penpot),exported from archive geometry; Material-aligned monochrome metaphor,included,ba399d86852407546cefc632228c2f42d95b354034e13c2c5969ad7ef255fd3c,both,icon glyph asset (token-colored in app),canonical source: PM / Components / Search History Project
pm-icon-189,assets/icons/pm-icon-189.svg,svg icon,,ParchMint design team (Penpot),exported from archive geometry; Material-aligned monochrome metaphor,included,ec83072c29a8cfb4b0897b5e3055c155c4d04b88d17bf9b4584eb625ccf5c8e0,both,icon glyph asset (token-colored in app),canonical source: PM / Components / Search History Project
pm-icon-190,assets/icons/pm-icon-190.svg,svg icon,,ParchMint design team (Penpot),exported from archive geometry; Material-aligned monochrome metaphor,included,a6e94844a9219a470c9bbf414ceaff7ab1d3bdfec2d65d078fd7bfdcaa06d4bd,both,icon glyph asset (token-colored in app),canonical source: PM / Components / Search History Project
pm-icon-191,assets/icons/pm-icon-191.svg,svg icon,,ParchMint design team (Penpot),exported from archive geometry; Material-aligned monochrome metaphor,included,45c0bb293d2300bcc14179b5566d6c97bc1823a4dae75f1dfab111c96b5a74fb,both,icon glyph asset (token-colored in app),canonical source: PM / Components / Search History Project
pm-icon-192,assets/icons/pm-icon-192.svg,svg icon,,ParchMint design team (Penpot),exported from archive geometry; Material-aligned monochrome metaphor,included,1c8bbcde1158407afc8459469ff3ffd12f01c610a1d1dce39680f87ded3a6721,both,icon glyph asset (token-colored in app),canonical source: PM / Components / Search History Project
pm-icon-193,assets/icons/pm-icon-193.svg,svg icon,,ParchMint design team (Penpot),exported from archive geometry; Material-aligned monochrome metaphor,included,7c04f61897ddc20b73da7458883f73de7cb02a3ab8d2e223737cc328f7bebea2,both,icon glyph asset (token-colored in app),canonical source: PM / Components / Search History Project
pm-icon-194,assets/icons/pm-icon-194.svg,svg icon,,ParchMint design team (Penpot),exported from archive geometry; Material-aligned monochrome metaphor,included,faa1d5a7582967ee615c1c7d69942587c08da0c56b63e6b3aecf667dfa02d277,both,icon glyph asset (token-colored in app),canonical source: PM / Components / Search History Project
pm-icon-195,assets/icons/pm-icon-195.svg,svg icon,,ParchMint design team (Penpot),exported from archive geometry; Material-aligned monochrome metaphor,included,16b6b5892b52123e4f470d510d5ee24de23d6aac4e6a7905619fd80388f0f0b7,both,icon glyph asset (token-colored in app),canonical source: PM / Components / Search History Project
pm-icon-196,assets/icons/pm-icon-196.svg,svg icon,,ParchMint design team (Penpot),exported from archive geometry; Material-aligned monochrome metaphor,included,e5b9403c9d2d5671cf8cead98b9468d87de2bdb4c4609f3f724cf1928b7be687,both,icon glyph asset (token-colored in app),canonical source: PM / Screen / export-numbering
pm-icon-197,assets/icons/pm-icon-197.svg,svg icon,,ParchMint design team (Penpot),exported from archive geometry; Material-aligned monochrome metaphor,included,146ab48138f64793c54ecf128ca0f259376a895d348b0bafe7903d29425c930b,both,icon glyph asset (token-colored in app),canonical source: PM / Screen / export-numbering
pm-icon-198,assets/icons/pm-icon-198.svg,svg icon,,ParchMint design team (Penpot),exported from archive geometry; Material-aligned monochrome metaphor,included,fdf0663712a23fe96b4c0587a596736f5021a51267e81147d0fc035c5f562e0b,both,icon glyph asset (token-colored in app),canonical source: PM / Screen / export-entire-manuscript
pm-icon-199,assets/icons/pm-icon-199.svg,svg icon,,ParchMint design team (Penpot),exported from archive geometry; Material-aligned monochrome metaphor,included,54d7e205e649ee4684f97ac7df37fc9805c468b0f1131345d468cf347d560a05,both,icon glyph asset (token-colored in app),canonical source: PM / Screen / export-entire-manuscript
pm-icon-200,assets/icons/pm-icon-200.svg,svg icon,,ParchMint design team (Penpot),exported from archive geometry; Material-aligned monochrome metaphor,included,60faeaf0d27c633dc111b97ef188af83ffc3bc0c2a4138ab1c78fa088283abbd,both,icon glyph asset (token-colored in app),canonical source: PM / Components / Search History Project
pm-icon-201,assets/icons/pm-icon-201.svg,svg icon,,ParchMint design team (Penpot),exported from archive geometry; Material-aligned monochrome metaphor,included,02942b379bc1f3e3e665c2b1c6c3e30cb3a10d73cb433ce713ebd862847f548e,both,icon glyph asset (token-colored in app),canonical source: PM / Components / Search History Project
pm-icon-202,assets/icons/pm-icon-202.svg,svg icon,,ParchMint design team (Penpot),exported from archive geometry; Material-aligned monochrome metaphor,included,81b6799cf0b55fd19fdb46b135b3af9fefa30765ab0e4dcd530ef4d2c24eaa6f,both,icon glyph asset (token-colored in app),canonical source: PM / Screen / unsupported-pasted-image
pm-icon-203,assets/icons/pm-icon-203.svg,svg icon,,ParchMint design team (Penpot),exported from archive geometry; Material-aligned monochrome metaphor,included,d5f804db1e6186e09df95cccee3c83445972e8420fa463ce134ca2a40ca5fe0d,both,icon glyph asset (token-colored in app),canonical source: PM / Screen / unsupported-pasted-image
pm-icon-204,assets/icons/pm-icon-204.svg,svg icon,,ParchMint design team (Penpot),exported from archive geometry; Material-aligned monochrome metaphor,included,398bc55f5ed4c9af3a1fa019d39d8641217d7804afefd4c4ac643408c7eb17e3,both,icon glyph asset (token-colored in app),canonical source: PM / Screen / explorer-context-menu-actions
pm-icon-205,assets/icons/pm-icon-205.svg,svg icon,,ParchMint design team (Penpot),exported from archive geometry; Material-aligned monochrome metaphor,included,392332ad0b0c0a56f94b2a61147b6698ed1ebbba5694134bf7717e50fd67e828,both,icon glyph asset (token-colored in app),canonical source: PM / Screen / explorer-context-menu-actions
pm-icon-206,assets/icons/pm-icon-206.svg,svg icon,,ParchMint design team (Penpot),exported from archive geometry; Material-aligned monochrome metaphor,included,dd1d60d9a01fd8ce645004b7e95b664346a193cb5719a07ad5ed7f6201b921ac,both,icon glyph asset (token-colored in app),canonical source: PM / Screen / explorer-context-menu-actions
pm-icon-207,assets/icons/pm-icon-207.svg,svg icon,,ParchMint design team (Penpot),exported from archive geometry; Material-aligned monochrome metaphor,included,17e41a84849b7dc4731c5368b1770d9712ecdf004d54a8e9cb0e1c0689b0b270,both,icon glyph asset (token-colored in app),canonical source: PM / Screen / unsupported-pasted-image
pm-icon-208,assets/icons/pm-icon-208.svg,svg icon,,ParchMint design team (Penpot),exported from archive geometry; Material-aligned monochrome metaphor,included,cf3e93aa35c917883674279d0c9b32498d5ebe045e2b917dcaa057845838e639,both,icon glyph asset (token-colored in app),canonical source: PM / Screen / editor-spellcheck-suggestions
pm-icon-209,assets/icons/pm-icon-209.svg,svg icon,,ParchMint design team (Penpot),exported from archive geometry; Material-aligned monochrome metaphor,included,962d55ef67694280daf164b2fee8f64b16ee9ca648177c99a1a6fe016b6f45cb,both,icon glyph asset (token-colored in app),canonical source: PM / Screen / editor-spellcheck-suggestions
pm-icon-210,assets/icons/pm-icon-210.svg,svg icon,,ParchMint design team (Penpot),exported from archive geometry; Material-aligned monochrome metaphor,included,dce0de28135ad3a7781b435261a83c656f3aa67ce1503a02b22e7141f87c7029,both,icon glyph asset (token-colored in app),canonical source: PM / Screen / editor-spellcheck-suggestions
pm-icon-211,assets/icons/pm-icon-211.svg,svg icon,,ParchMint design team (Penpot),exported from archive geometry; Material-aligned monochrome metaphor,included,74884915739687831e767414969f73b71c080adf0c23fff69ba346c7f4a7860c,both,icon glyph asset (token-colored in app),canonical source: PM / Screen / editor-spellcheck-suggestions
pm-icon-212,assets/icons/pm-icon-212.svg,svg icon,,ParchMint design team (Penpot),exported from archive geometry; Material-aligned monochrome metaphor,included,1eb92d320680521bd99371203a3dd01fd81eb2f1c211fb6f6c368a5b6b05d9a8,both,icon glyph asset (token-colored in app),canonical source: PM / Screen / editor-spellcheck-suggestions
pm-icon-213,assets/icons/pm-icon-213.svg,svg icon,,ParchMint design team (Penpot),exported from archive geometry; Material-aligned monochrome metaphor,included,de48b30b5ff262bc1dd7fefec805b6b25d760234f8b14815e7ec02e3d88c7147,both,icon glyph asset (token-colored in app),canonical source: PM / Screen / editor-spellcheck-suggestions
pm-icon-214,assets/icons/pm-icon-214.svg,svg icon,,ParchMint design team (Penpot),exported from archive geometry; Material-aligned monochrome metaphor,included,f31a31031f7f58dff540f4a305bbc1c18baa14eb76056d967e212aa936fc4f55,both,icon glyph asset (token-colored in app),canonical source: PM / Screen / editor-both-sidebars-collapsed
pm-icon-215,assets/icons/pm-icon-215.svg,svg icon,,ParchMint design team (Penpot),exported from archive geometry; Material-aligned monochrome metaphor,included,a9b3b830dfbf5eda4faeee484734764594736c02aa53c14a6805e59dc31176ad,both,icon glyph asset (token-colored in app),canonical source: PM / Screen / history-named-snapshot
pm-icon-216,assets/icons/pm-icon-216.svg,svg icon,,ParchMint design team (Penpot),exported from archive geometry; Material-aligned monochrome metaphor,included,ac08b1497299f7a836afcac09780037f459d990955e6e38c641c0715779cc6ce,both,icon glyph asset (token-colored in app),canonical source: PM / Screen / editor-dual-manuscript-research-right-focus
pm-icon-217,assets/icons/pm-icon-217.svg,svg icon,,ParchMint design team (Penpot),exported from archive geometry; Material-aligned monochrome metaphor,included,1be150ee5468c2c675103c9beea5815dd343aa77fa0cc8d689f0f1d5bf79c355,both,icon glyph asset (token-colored in app),canonical source: PM / Screen / export-success
pm-icon-218,assets/icons/pm-icon-218.svg,svg icon,,ParchMint design team (Penpot),exported from archive geometry; Material-aligned monochrome metaphor,included,40f80515c10748921f9696eedc72b4c7c7000bf26299e9582ddb55a066409503,both,icon glyph asset (token-colored in app),canonical source: PM / Screen / editor-local-find
pm-icon-219,assets/icons/pm-icon-219.svg,svg icon,,ParchMint design team (Penpot),exported from archive geometry; Material-aligned monochrome metaphor,included,c75fa7077dd90ff7f42bd6ac4da5743567d8903d3c03997d96f10377af893411,both,icon glyph asset (token-colored in app),canonical source: PM / Screen / recently-deleted
pm-icon-220,assets/icons/pm-icon-220.svg,svg icon,,ParchMint design team (Penpot),exported from archive geometry; Material-aligned monochrome metaphor,included,84e708b5bc9d1882ab6c10d2a6ebf870cb875bbb6471e0dc6f93908757058faf,both,icon glyph asset (token-colored in app),canonical source: PM / Screen / export-entire-manuscript
pm-icon-221,assets/icons/pm-icon-221.svg,svg icon,,ParchMint design team (Penpot),exported from archive geometry; Material-aligned monochrome metaphor,included,f6052f0fbf0d85ea5005b3f04954103049b739316f286a564ecf82347c81e895,both,icon glyph asset (token-colored in app),canonical source: PM / Screen / editor-single-default
pm-icon-222,assets/icons/pm-icon-222.svg,svg icon,,ParchMint design team (Penpot),exported from archive geometry; Material-aligned monochrome metaphor,included,b7b1fbcd7736397be9dd08f6d6c0b7724c2437710dafa125c05a9298c3fdf38e,both,icon glyph asset (token-colored in app),canonical source: PM / Screen / history-session-date-grouped
pm-icon-223,assets/icons/pm-icon-223.svg,svg icon,,ParchMint design team (Penpot),exported from archive geometry; Material-aligned monochrome metaphor,included,78356c92aa784c7706f63599476cfe8d8bf31d92b335d451690bfc29bf0bdc56,both,icon glyph asset (token-colored in app),canonical source: PM / Screen / editor-dual-manuscript-research-left-focus
pm-icon-224,assets/icons/pm-icon-224.svg,svg icon,,ParchMint design team (Penpot),exported from archive geometry; Material-aligned monochrome metaphor,included,9ce800dc5d5e330955ed5dc163bfce807b25c4d89de54d8c7e11c6c780cedfd8,both,icon glyph asset (token-colored in app),canonical source: PM / Prototype Terminal / save-failure-retry / editor-saved
pm-icon-225,assets/icons/pm-icon-225.svg,svg icon,,ParchMint design team (Penpot),exported from archive geometry; Material-aligned monochrome metaphor,included,01da5394a9c09a89bdedc06e83ca6ba3bb7d6a4d18ac80ecc30a9d7844c3de22,both,icon glyph asset (token-colored in app),canonical source: PM / Screen / editor-semantic-content-and-breaks
pm-icon-226,assets/icons/pm-icon-226.svg,svg icon,,ParchMint design team (Penpot),exported from archive geometry; Material-aligned monochrome metaphor,included,aa7d7e35a38fbd1fb535994a20afd852b85c9548ae80bcb1b34ef432d399fb7c,both,icon glyph asset (token-colored in app),canonical source: PM / Prototype Terminal / cards-and-organize / editor-return
pm-icon-227,assets/icons/pm-icon-227.svg,svg icon,,ParchMint design team (Penpot),exported from archive geometry; Material-aligned monochrome metaphor,included,2d445d05d653d9ed876bb797fa70f179d9366128aa2612b9feec0298f8198dee,both,icon glyph asset (token-colored in app),canonical source: PM / Screen / export-numbering
pm-icon-228,assets/icons/pm-icon-228.svg,svg icon,,ParchMint design team (Penpot),exported from archive geometry; Material-aligned monochrome metaphor,included,e3334fb69bb5e0fb1f7747865ba44d071b7662386160e4356e3e755b37d082b8,both,icon glyph asset (token-colored in app),canonical source: PM / Screen / editor-long-comments
pm-icon-229,assets/icons/pm-icon-229.svg,svg icon,,ParchMint design team (Penpot),exported from archive geometry; Material-aligned monochrome metaphor,included,dc9c91d217562fe94fb094f2a68b8ff5dcfa1b1ffeeb2befe14501d10286d3e7,both,icon glyph asset (token-colored in app),canonical source: PM / Screen / history-restore-checkpoint
pm-icon-230,assets/icons/pm-icon-230.svg,svg icon,,ParchMint design team (Penpot),exported from archive geometry; Material-aligned monochrome metaphor,included,31d4009e391a9301fc1853100f4e7e40364eccba57cb6ea072ca94f857a15daf,both,icon glyph asset (token-colored in app),canonical source: PM / Prototype Terminal / create-and-write / editor-ready
pm-icon-231,assets/icons/pm-icon-231.svg,svg icon,,ParchMint design team (Penpot),exported from archive geometry; Material-aligned monochrome metaphor,included,d44b182917a7eec75e86f510a9d318aa60111814e9a36df7604a29c44ce12ddc,both,icon glyph asset (token-colored in app),canonical source: PM / Screen / editor-explorer-collapsed
pm-icon-232,assets/icons/pm-icon-232.svg,svg icon,,ParchMint design team (Penpot),exported from archive geometry; Material-aligned monochrome metaphor,included,a17fd087ba5a29da578d8f28dffb9d684b58c5e5017d0613aa2f3c6eb8173f37,both,icon glyph asset (token-colored in app),canonical source: PM / Screen / settings-delete-unused-style
pm-icon-233,assets/icons/pm-icon-233.svg,svg icon,,ParchMint design team (Penpot),exported from archive geometry; Material-aligned monochrome metaphor,included,db680caea1fdf6b03eae03f92918be3a5ae954e0ddc430f3b33d2c33afca64a0,both,icon glyph asset (token-colored in app),canonical source: PM / Screen / editor-dual-two-manuscript
pm-icon-234,assets/icons/pm-icon-234.svg,svg icon,,ParchMint design team (Penpot),exported from archive geometry; Material-aligned monochrome metaphor,included,076a9b2b6112fd1158eca9736f82ce96e098afb7806d3da90482548341154df6,both,icon glyph asset (token-colored in app),canonical source: PM / Screen / export-failure
pm-icon-235,assets/icons/pm-icon-235.svg,svg icon,,ParchMint design team (Penpot),exported from archive geometry; Material-aligned monochrome metaphor,included,2ddfdd0c548104985f635d127feed84caa5b7504118c70bebc9480e03cdfe823,both,icon glyph asset (token-colored in app),canonical source: PM / Screen / editor-local-replace
pm-icon-236,assets/icons/pm-icon-236.svg,svg icon,,ParchMint design team (Penpot),exported from archive geometry; Material-aligned monochrome metaphor,included,46226a9901bd59bd00bfa83b1b24f110ae6d4d7a2fc3ec8ec79440adfe2b55b3,both,icon glyph asset (token-colored in app),canonical source: PM / Screen / recently-deleted-fallback-location
pm-icon-237,assets/icons/pm-icon-237.svg,svg icon,,ParchMint design team (Penpot),exported from archive geometry; Material-aligned monochrome metaphor,included,0cf67cd0b1610a7c50fcf39529ec678d1349288120ed219c670e6ea5c4fafd36,both,icon glyph asset (token-colored in app),canonical source: PM / Screen / export-project-output-controls
pm-icon-238,assets/icons/pm-icon-238.svg,svg icon,,ParchMint design team (Penpot),exported from archive geometry; Material-aligned monochrome metaphor,included,ba84ca6779fde67644f15e203cfc657aa5b55934fbb83c5556bf1ddaea254bda,both,icon glyph asset (token-colored in app),canonical source: PM / Screen / editor-inspector-collapsed
pm-icon-239,assets/icons/pm-icon-239.svg,svg icon,,ParchMint design team (Penpot),exported from archive geometry; Material-aligned monochrome metaphor,included,4c74d1e228bcf95eaa478cc432084074ee6f7c9b4cd78893f6cde9be6a05bfe0,both,icon glyph asset (token-colored in app),canonical source: PM / Screen / settings-replace-in-use-style
pm-icon-240,assets/icons/pm-icon-240.svg,svg icon,,ParchMint design team (Penpot),exported from archive geometry; Material-aligned monochrome metaphor,included,840b2c076d99b4aa691f962c163e71204f5b8c949c545c365e768778a6aeecf3,both,icon glyph asset (token-colored in app),canonical source: PM / Screen / editor-same-document-two-views
pm-icon-241,assets/icons/pm-icon-241.svg,svg icon,,ParchMint design team (Penpot),exported from archive geometry; Material-aligned monochrome metaphor,included,51fbb22865a7ba6c7ccc24ea0c55480c9090bdf7c5e8f61376e0717fb3b56f9e,both,icon glyph asset (token-colored in app),canonical source: PM / Screen / editor-context-menu-add-comment
pm-icon-242,assets/icons/pm-icon-242.svg,svg icon,,ParchMint design team (Penpot),exported from archive geometry; Material-aligned monochrome metaphor,included,c71043b803942819412f8991ca079c5c8fcf758298475f318c5481c1e12594a1,both,icon glyph asset (token-colored in app),canonical source: PM / Screen / cards-drag-multiselect
pm-icon-243,assets/icons/pm-icon-243.svg,svg icon,,ParchMint design team (Penpot),exported from archive geometry; Material-aligned monochrome metaphor,included,121116bb276c07cca44433c991f0bd51b9e8b4cfed152f0438e319aa8684c605,both,icon glyph asset (token-colored in app),canonical source: PM / Screen / settings-appearance-dark-override
pm-icon-244,assets/icons/pm-icon-244.svg,svg icon,,ParchMint design team (Penpot),exported from archive geometry; Material-aligned monochrome metaphor,included,01e1c8b70e6b19fa9d3f72ccaa41ffa3dbb12055a26bbb30634304d47e5a11ec,both,icon glyph asset (token-colored in app),canonical source: PM / Screen / unsupported-pasted-image
pm-icon-245,assets/icons/pm-icon-245.svg,svg icon,,ParchMint design team (Penpot),exported from archive geometry; Material-aligned monochrome metaphor,included,57a0d69fb00fd6769fdd7c6d176929fe3e60756d1ea9ad312962a62c1fdece08,both,icon glyph asset (token-colored in app),canonical source: PM / Screen / explorer-context-menu-actions
pm-icon-246,assets/icons/pm-icon-246.svg,svg icon,,ParchMint design team (Penpot),exported from archive geometry; Material-aligned monochrome metaphor,included,8501daca86a2d7cc7e1c3a5d8adefdc53e5189e048b373cea10d995330a3b219,both,icon glyph asset (token-colored in app),canonical source: PM / Screen / empty-manuscript-research-roots
pm-icon-247,assets/icons/pm-icon-247.svg,svg icon,,ParchMint design team (Penpot),exported from archive geometry; Material-aligned monochrome metaphor,included,5d0ad0e7996f3bc922e3ec7c528db0000117ecd894d2ff8992af4d997e2fd2fb,both,icon glyph asset (token-colored in app),canonical source: PM / Screen / settings-appearance-light-override
pm-icon-248,assets/icons/pm-icon-248.svg,svg icon,,ParchMint design team (Penpot),exported from archive geometry; Material-aligned monochrome metaphor,included,99ca9588bce19d62787a2cb326b24c313b687f8c5805df02ee2e0b33139d9942,both,icon glyph asset (token-colored in app),canonical source: PM / Screen / editor-spellcheck-suggestions
pm-icon-249,assets/icons/pm-icon-249.svg,svg icon,,ParchMint design team (Penpot),exported from archive geometry; Material-aligned monochrome metaphor,included,3b8b935902db7bf5ef1eef4feae25d1a06d41fbb07ce2b2d4049d7e8e21384ba,both,icon glyph asset (token-colored in app),"canonical source: PM / Components / Workspace, Menus & Dictionaries"
pm-icon-250,assets/icons/pm-icon-250.svg,svg icon,,ParchMint design team (Penpot),exported from archive geometry; Material-aligned monochrome metaphor,included,b6269ca6f2909cd223035c01750d44d31906bc8bc8a31fc835a23e53744497d0,both,icon glyph asset (token-colored in app),"canonical source: PM / Components / Workspace, Menus & Dictionaries"
pm-icon-251,assets/icons/pm-icon-251.svg,svg icon,,ParchMint design team (Penpot),exported from archive geometry; Material-aligned monochrome metaphor,included,e5d5e9ed0ea2a9fc27912c8f966ff43405eef3e4f6a922587bcb42b7124c798b,both,icon glyph asset (token-colored in app),"canonical source: PM / Components / Workspace, Menus & Dictionaries"
pm-icon-252,assets/icons/pm-icon-252.svg,svg icon,,ParchMint design team (Penpot),exported from archive geometry; Material-aligned monochrome metaphor,included,775e465b47675f4c4bcf119706b819c63dcf34052da205aa253d2a895c96bccf,both,icon glyph asset (token-colored in app),"canonical source: PM / Components / Workspace, Menus & Dictionaries"
pm-icon-253,assets/icons/pm-icon-253.svg,svg icon,,ParchMint design team (Penpot),exported from archive geometry; Material-aligned monochrome metaphor,included,4b3e83994d4bf69d1fd07aece7a1c87282b3610ee88f5c21a4542f013a6f5376,both,icon glyph asset (token-colored in app),"canonical source: PM / Components / Workspace, Menus & Dictionaries"
pm-icon-254,assets/icons/pm-icon-254.svg,svg icon,,ParchMint design team (Penpot),exported from archive geometry; Material-aligned monochrome metaphor,included,fdadc9fac1271085127be5a2990ec028e257fbbb7af26ef8a106e92b8b79e48e,both,icon glyph asset (token-colored in app),"canonical source: PM / Components / Workspace, Menus & Dictionaries"
pm-icon-255,assets/icons/pm-icon-255.svg,svg icon,,ParchMint design team (Penpot),exported from archive geometry; Material-aligned monochrome metaphor,included,6347c934b95929f7698bb01504d5d8fb7b3e74510d2b3517e9aa3c9c71a8832b,both,icon glyph asset (token-colored in app),canonical source: PM / Screen / recovered-after-crash
pm-icon-256,assets/icons/pm-icon-256.svg,svg icon,,ParchMint design team (Penpot),exported from archive geometry; Material-aligned monochrome metaphor,included,d0cc75811c9c2ad97a2b9d39eea327b7cfb83830d6a56e86707badc6ebb811da,both,icon glyph asset (token-colored in app),canonical source: PM / Components / Search History Project
pm-icon-257,assets/icons/pm-icon-257.svg,svg icon,,ParchMint design team (Penpot),exported from archive geometry; Material-aligned monochrome metaphor,included,37120aac68712e4f4217e24ed93c9f822cac101aeeb96037aab7b2fc9bdc7ba0,both,icon glyph asset (token-colored in app),canonical source: PM / Screen / editor-both-sidebars-collapsed
pm-icon-258,assets/icons/pm-icon-258.svg,svg icon,,ParchMint design team (Penpot),exported from archive geometry; Material-aligned monochrome metaphor,included,476d6e349ed02b7704ef840cd2508cd6c104a8e52d0f22c394f6956e4f0517be,both,icon glyph asset (token-colored in app),canonical source: PM / Screen / editor-local-find
pm-icon-259,assets/icons/pm-icon-259.svg,svg icon,,ParchMint design team (Penpot),exported from archive geometry; Material-aligned monochrome metaphor,included,1c3b231df25831f45b90131bdc90d3e37ca0f300df378a0da20f751ebadbb5c6,both,icon glyph asset (token-colored in app),canonical source: PM / Screen / editor-dual-manuscript-research-right-focus
pm-icon-260,assets/icons/pm-icon-260.svg,svg icon,,ParchMint design team (Penpot),exported from archive geometry; Material-aligned monochrome metaphor,included,8b8e40d077eac41b18dd7a700290d3d21b0b30b07e52d8c6d331f0e435d515ec,both,icon glyph asset (token-colored in app),canonical source: PM / Screen / comments-replies-collapsed
pm-icon-261,assets/icons/pm-icon-261.svg,svg icon,,ParchMint design team (Penpot),exported from archive geometry; Material-aligned monochrome metaphor,included,192ccaa404305f21648753989ee11e0dea509e82a2b5a60ffea1c451e15c87f4,both,icon glyph asset (token-colored in app),canonical source: PM / Screen / editor-explorer-collapsed
pm-icon-262,assets/icons/pm-icon-262.svg,svg icon,,ParchMint design team (Penpot),exported from archive geometry; Material-aligned monochrome metaphor,included,215e1aea90d43d6a03ae3e561daaebe0e98ea7215099cf4fed598ca4ec1990af,both,icon glyph asset (token-colored in app),canonical source: PM / Components / Editor
pm-icon-263,assets/icons/pm-icon-263.svg,svg icon,,ParchMint design team (Penpot),exported from archive geometry; Material-aligned monochrome metaphor,included,375679047a94c46a0a70608a9f360af9cbdcd88cfbcd7efdf1731e91f9dc4667,both,icon glyph asset (token-colored in app),canonical source: PM / Screen / editor-local-replace
pm-icon-264,assets/icons/pm-icon-264.svg,svg icon,,ParchMint design team (Penpot),exported from archive geometry; Material-aligned monochrome metaphor,included,e877e9ade8cd65e6ac9104d90a3537af56c933817e0d78dd38ecb4849058c803,both,icon glyph asset (token-colored in app),canonical source: PM / Screen / editor-dual-two-manuscript
pm-icon-265,assets/icons/pm-icon-265.svg,svg icon,,ParchMint design team (Penpot),exported from archive geometry; Material-aligned monochrome metaphor,included,2b456599388a6a9499dec89a170921e90290627103bab4daabdab126e53f3bff,both,icon glyph asset (token-colored in app),canonical source: PM / Screen / comments-replies-expanded-composer
pm-icon-266,assets/icons/pm-icon-266.svg,svg icon,,ParchMint design team (Penpot),exported from archive geometry; Material-aligned monochrome metaphor,included,8a27d8df5224c7ba301aa6bb537979e18750cc1ce859168ea808f937cf822431,both,icon glyph asset (token-colored in app),canonical source: PM / Screen / inspector-many-metadata-fields
pm-icon-267,assets/icons/pm-icon-267.svg,svg icon,,ParchMint design team (Penpot),exported from archive geometry; Material-aligned monochrome metaphor,included,b206289652172caa3af7f45e57895d8aa117ffa5f9f97427b9468356f01e5101,both,icon glyph asset (token-colored in app),canonical source: PM / Screen / editor-same-document-two-views
pm-icon-268,assets/icons/pm-icon-268.svg,svg icon,,ParchMint design team (Penpot),exported from archive geometry; Material-aligned monochrome metaphor,included,4f8504c89be5c44b5e12a1a6f5be62dc43528a60fced4cd0d36961c00bd5a506,both,icon glyph asset (token-colored in app),canonical source: PM / Screen / editor-context-menu-add-comment
pm-icon-269,assets/icons/pm-icon-269.svg,svg icon,,ParchMint design team (Penpot),exported from archive geometry; Material-aligned monochrome metaphor,included,2c5cf738d736a774861d90f0260b822b3991e0cd24c07da2e3b7a84f9f9c974a,both,icon glyph asset (token-colored in app),canonical source: PM / Screen / editor-inspector-collapsed
pm-icon-270,assets/icons/pm-icon-270.svg,svg icon,,ParchMint design team (Penpot),exported from archive geometry; Material-aligned monochrome metaphor,included,547c34b51dbd8aa51f3b6d1d0abb2ae8660aa64a503ed885ec10fdaeb00b1bc4,both,icon glyph asset (token-colored in app),canonical source: PM / Screen / editor-long-comments
pm-icon-271,assets/icons/pm-icon-271.svg,svg icon,,ParchMint design team (Penpot),exported from archive geometry; Material-aligned monochrome metaphor,included,dcbf748fc9ab373433de749cb2135d3ab26d8900d4faef0a1dce0454c04045ba,both,icon glyph asset (token-colored in app),canonical source: PM / Prototype Terminal / create-and-write / editor-ready
pm-icon-272,assets/icons/pm-icon-272.svg,svg icon,,ParchMint design team (Penpot),exported from archive geometry; Material-aligned monochrome metaphor,included,0c0ab5bf88d8be38555e60783d435054c797e20c541fe908b0ce772d87f6d97d,both,icon glyph asset (token-colored in app),canonical source: PM / Screen / editor-dual-manuscript-research-left-focus
pm-icon-273,assets/icons/pm-icon-273.svg,svg icon,,ParchMint design team (Penpot),exported from archive geometry; Material-aligned monochrome metaphor,included,b014d00f4c5974d639e97ccde7272bd56d26b68502381aa8b7c1a34014c6dce1,both,icon glyph asset (token-colored in app),canonical source: PM / Prototype Terminal / save-failure-retry / editor-saved
pm-icon-274,assets/icons/pm-icon-274.svg,svg icon,,ParchMint design team (Penpot),exported from archive geometry; Material-aligned monochrome metaphor,included,94ab9703d1411fba92a9521e9fb05a186516a4463f859289b3287e5d07234998,both,icon glyph asset (token-colored in app),canonical source: PM / Screen / editor-semantic-content-and-breaks
pm-icon-275,assets/icons/pm-icon-275.svg,svg icon,,ParchMint design team (Penpot),exported from archive geometry; Material-aligned monochrome metaphor,included,4363098f03d8bda0b89927ad9cb797c32ee6748da420515f78b3b6edf3f2ab76,both,icon glyph asset (token-colored in app),canonical source: PM / Prototype Terminal / cards-and-organize / editor-return
pm-icon-276,assets/icons/pm-icon-276.svg,svg icon,,ParchMint design team (Penpot),exported from archive geometry; Material-aligned monochrome metaphor,included,2f99fda75546868fae27225a5cefd53e0889012c70c76f56307e1fb7270f229f,both,icon glyph asset (token-colored in app),canonical source: PM / Screen / editor-single-default
pm-icon-277,assets/icons/pm-icon-277.svg,svg icon,,ParchMint design team (Penpot),exported from archive geometry; Material-aligned monochrome metaphor,included,15192a89f8d114ccf681fee6d7e09ab8af2dc0f7b9b3a17297707c5e8f98363e,both,icon glyph asset (token-colored in app),canonical source: PM / Screen / explorer-context-menu-actions
pm-icon-278,assets/icons/pm-icon-278.svg,svg icon,,ParchMint design team (Penpot),exported from archive geometry; Material-aligned monochrome metaphor,included,5e1a846210c27c5d95e870efd915f9fc077c66aa791b3a8408b564d334d091bb,both,icon glyph asset (token-colored in app),canonical source: PM / Screen / unsupported-pasted-image
pm-icon-279,assets/icons/pm-icon-279.svg,svg icon,,ParchMint design team (Penpot),exported from archive geometry; Material-aligned monochrome metaphor,included,adaf9a330e1575eed2d1a9e072acebbbee3e11956afd195e09be35bc844defe0,both,icon glyph asset (token-colored in app),canonical source: PM / Screen / editor-spellcheck-suggestions
pm-icon-280,assets/icons/pm-icon-280.svg,svg icon,,ParchMint design team (Penpot),exported from archive geometry; Material-aligned monochrome metaphor,included,a95ae896f5a449ad8523cf404bf7b35c92f1e3a7e3a52d99bf548eef88cbcde1,both,icon glyph asset (token-colored in app),canonical source: PM / Screen / editor-dual-manuscript-research-right-focus
pm-icon-281,assets/icons/pm-icon-281.svg,svg icon,,ParchMint design team (Penpot),exported from archive geometry; Material-aligned monochrome metaphor,included,b6787526c999dccc37b91f71fa75a906cb83162d5a8692a2ea9e2396f5148493,both,icon glyph asset (token-colored in app),canonical source: PM / Screen / editor-both-sidebars-collapsed
pm-icon-282,assets/icons/pm-icon-282.svg,svg icon,,ParchMint design team (Penpot),exported from archive geometry; Material-aligned monochrome metaphor,included,b3794024887d322efd23f34c1970476ae89538ee371b2b4918008c1df657f76c,both,icon glyph asset (token-colored in app),canonical source: PM / Screen / history-named-snapshot
pm-icon-283,assets/icons/pm-icon-283.svg,svg icon,,ParchMint design team (Penpot),exported from archive geometry; Material-aligned monochrome metaphor,included,8268150bc2f723b66f05b78ea2516e1d465ebddca6bb73f975c4ab0d9ba9bbc7,both,icon glyph asset (token-colored in app),canonical source: PM / Screen / editor-local-find
pm-icon-284,assets/icons/pm-icon-284.svg,svg icon,,ParchMint design team (Penpot),exported from archive geometry; Material-aligned monochrome metaphor,included,280f54f5e02b5d7c02368842189435ceca778ac8ac9ac6c04488b2382cff5ba0,both,icon glyph asset (token-colored in app),canonical source: PM / Screen / recently-deleted
pm-icon-285,assets/icons/pm-icon-285.svg,svg icon,,ParchMint design team (Penpot),exported from archive geometry; Material-aligned monochrome metaphor,included,ff66e59b345e86141f377e887c4e8bfdf4fd9e95d7ca82084b488133d770cf86,both,icon glyph asset (token-colored in app),canonical source: PM / Screen / settings-styles-inheritance
pm-icon-286,assets/icons/pm-icon-286.svg,svg icon,,ParchMint design team (Penpot),exported from archive geometry; Material-aligned monochrome metaphor,included,1b48044b3a4f8d018084092c9bdb8a9c046aff9260b7c908775f451b74a8c157,both,icon glyph asset (token-colored in app),canonical source: PM / Screen / settings-styles-inheritance
pm-icon-287,assets/icons/pm-icon-287.svg,svg icon,,ParchMint design team (Penpot),exported from archive geometry; Material-aligned monochrome metaphor,included,fb849cb9703ad32246d6085a86e009d748df8c1c13c9e6b9557779c4b5f4adf2,both,icon glyph asset (token-colored in app),canonical source: PM / Screen / settings-dictionaries
pm-icon-288,assets/icons/pm-icon-288.svg,svg icon,,ParchMint design team (Penpot),exported from archive geometry; Material-aligned monochrome metaphor,included,722d68051da6a327cb6cea26fd908e8e313765e4cc9f216154dc38e42ad4b4ea,both,icon glyph asset (token-colored in app),canonical source: PM / Screen / settings-dictionaries
pm-icon-289,assets/icons/pm-icon-289.svg,svg icon,,ParchMint design team (Penpot),exported from archive geometry; Material-aligned monochrome metaphor,included,7a3c4b1c078ac42145d2de912cf6d5ef4c2eb794dbc5df3a7585ebb964556b84,both,icon glyph asset (token-colored in app),canonical source: PM / Screen / settings-dictionaries
pm-icon-290,assets/icons/pm-icon-290.svg,svg icon,,ParchMint design team (Penpot),exported from archive geometry; Material-aligned monochrome metaphor,included,1bc4c7b5ef606c5828842013a54ddb15eff4daa2c816f37805d46f8776013c49,both,icon glyph asset (token-colored in app),canonical source: PM / Screen / editor-dual-two-manuscript
pm-icon-291,assets/icons/pm-icon-291.svg,svg icon,,ParchMint design team (Penpot),exported from archive geometry; Material-aligned monochrome metaphor,included,7f51f2f8c2303362bcea2241b5191b4bb981af0c58c091f9b39b9a2dd189ce82,both,icon glyph asset (token-colored in app),canonical source: PM / Screen / editor-explorer-collapsed
pm-icon-292,assets/icons/pm-icon-292.svg,svg icon,,ParchMint design team (Penpot),exported from archive geometry; Material-aligned monochrome metaphor,included,ea75400e9fd299de42a7f1a29666ad708ee8d6ce20afb894e646caf362c4ab50,both,icon glyph asset (token-colored in app),canonical source: PM / Screen / settings-delete-unused-style
pm-icon-293,assets/icons/pm-icon-293.svg,svg icon,,ParchMint design team (Penpot),exported from archive geometry; Material-aligned monochrome metaphor,included,499b7ca65d7cb5435ecc410bc83840757ce1c896117a6ca932eb060984bfb14b,both,icon glyph asset (token-colored in app),canonical source: PM / Screen / editor-local-replace
pm-icon-294,assets/icons/pm-icon-294.svg,svg icon,,ParchMint design team (Penpot),exported from archive geometry; Material-aligned monochrome metaphor,included,684a5e408c5b11d4dd1e33a999f571bcbcf8899988073b3e4d0f9dd960e27744,both,icon glyph asset (token-colored in app),canonical source: PM / Screen / recently-deleted-fallback-location
pm-icon-295,assets/icons/pm-icon-295.svg,svg icon,,ParchMint design team (Penpot),exported from archive geometry; Material-aligned monochrome metaphor,included,262703bb5f2bb567e58b22b58442415acc1d2f9ac50e09a28deafacf38da9286,both,icon glyph asset (token-colored in app),canonical source: PM / Screen / settings-delete-unused-style
pm-icon-296,assets/icons/pm-icon-296.svg,svg icon,,ParchMint design team (Penpot),exported from archive geometry; Material-aligned monochrome metaphor,included,ecbca78da1fbe1d1734517b6e8ee7eef625e12de5c76c737f51007acecfa0bea,both,icon glyph asset (token-colored in app),canonical source: PM / Screen / settings-delete-unused-style
pm-icon-297,assets/icons/pm-icon-297.svg,svg icon,,ParchMint design team (Penpot),exported from archive geometry; Material-aligned monochrome metaphor,included,500a7af9f2d16f7f76504ed9e900b15f9111db7f46283709b437470e3d41a87f,both,icon glyph asset (token-colored in app),canonical source: PM / Prototype Terminal / create-and-write / editor-ready
pm-icon-298,assets/icons/pm-icon-298.svg,svg icon,,ParchMint design team (Penpot),exported from archive geometry; Material-aligned monochrome metaphor,included,22f2338df7444de71fbfee733274e27b8394b9e54a13cf9deb65fbc6e4ce31a6,both,icon glyph asset (token-colored in app),canonical source: PM / Screen / editor-dual-manuscript-research-left-focus
pm-icon-299,assets/icons/pm-icon-299.svg,svg icon,,ParchMint design team (Penpot),exported from archive geometry; Material-aligned monochrome metaphor,included,177f8a3357da3a947cfaa2e2461d8bbc42c1f70f7916377dc4386c0f6c1b437d,both,icon glyph asset (token-colored in app),canonical source: PM / Prototype Terminal / save-failure-retry / editor-saved
pm-icon-300,assets/icons/pm-icon-300.svg,svg icon,,ParchMint design team (Penpot),exported from archive geometry; Material-aligned monochrome metaphor,included,0b510dc8bf8a020e9051d5f2c1aa6cf7cbde6f00315e85b6d00b6f2c49f79de0,both,icon glyph asset (token-colored in app),canonical source: PM / Screen / editor-single-default
pm-icon-301,assets/icons/pm-icon-301.svg,svg icon,,ParchMint design team (Penpot),exported from archive geometry; Material-aligned monochrome metaphor,included,d9510fcdb24b3d39a6a7542365454b2f85dfdcaf6fa4a618c858bf417917fdaf,both,icon glyph asset (token-colored in app),canonical source: PM / Screen / history-session-date-grouped
pm-icon-302,assets/icons/pm-icon-302.svg,svg icon,,ParchMint design team (Penpot),exported from archive geometry; Material-aligned monochrome metaphor,included,90ae9574f0ac9375a301c9e89e175bb0264029dda294edb8d4fe945be1cba324,both,icon glyph asset (token-colored in app),canonical source: PM / Screen / editor-semantic-content-and-breaks
pm-icon-303,assets/icons/pm-icon-303.svg,svg icon,,ParchMint design team (Penpot),exported from archive geometry; Material-aligned monochrome metaphor,included,8acb858327e1f46802106eba9513b30291920f6867b12d7a91b5ac3e40f1cc7f,both,icon glyph asset (token-colored in app),canonical source: PM / Prototype Terminal / cards-and-organize / editor-return
pm-icon-304,assets/icons/pm-icon-304.svg,svg icon,,ParchMint design team (Penpot),exported from archive geometry; Material-aligned monochrome metaphor,included,605e2c35b4aae5ed8f018581cb149c43bb8b2bb7b53f74659fe6781107ad3f70,both,icon glyph asset (token-colored in app),canonical source: PM / Screen / editor-long-comments
pm-icon-305,assets/icons/pm-icon-305.svg,svg icon,,ParchMint design team (Penpot),exported from archive geometry; Material-aligned monochrome metaphor,included,dab5f80078dcfc68a8d61ee46a383f8cbb7cdb804ab53ae0309f67370473ce18,both,icon glyph asset (token-colored in app),canonical source: PM / Screen / history-restore-checkpoint
pm-icon-306,assets/icons/pm-icon-306.svg,svg icon,,ParchMint design team (Penpot),exported from archive geometry; Material-aligned monochrome metaphor,included,0f9d3b4efd85f5cc09648a5e0f6501b478bfa7db8e4842c91e67b66e42c9bd3a,both,icon glyph asset (token-colored in app),canonical source: PM / Screen / editor-same-document-two-views
pm-icon-307,assets/icons/pm-icon-307.svg,svg icon,,ParchMint design team (Penpot),exported from archive geometry; Material-aligned monochrome metaphor,included,bc16d314ecb91636936e31e1f813ac0a695b24fcd871f10abe8a0ab95ffca214,both,icon glyph asset (token-colored in app),canonical source: PM / Screen / editor-context-menu-add-comment
pm-icon-308,assets/icons/pm-icon-308.svg,svg icon,,ParchMint design team (Penpot),exported from archive geometry; Material-aligned monochrome metaphor,included,aa5ac5745965487d5b06d0fe08caf5646690cd5769bba4c123b5687d7f3b2266,both,icon glyph asset (token-colored in app),canonical source: PM / Screen / editor-inspector-collapsed
pm-icon-309,assets/icons/pm-icon-309.svg,svg icon,,ParchMint design team (Penpot),exported from archive geometry; Material-aligned monochrome metaphor,included,4b2c01b455f5af2df55d7165557255b76dc9da38a3f81a7254b4e61f0c79f73d,both,icon glyph asset (token-colored in app),canonical source: PM / Screen / settings-replace-in-use-style
pm-icon-310,assets/icons/pm-icon-310.svg,svg icon,,ParchMint design team (Penpot),exported from archive geometry; Material-aligned monochrome metaphor,included,b582dbb5391bf69c4fb06b73a8a97273216f41d0908fa552749635f20c67d44e,both,icon glyph asset (token-colored in app),canonical source: PM / Screen / cards-drag-multiselect
pm-icon-311,assets/icons/pm-icon-311.svg,svg icon,,ParchMint design team (Penpot),exported from archive geometry; Material-aligned monochrome metaphor,included,44c5313f76740e8c40be32345d63cc7ec0d1e0ce066278ccd17f21ebf980bcda,both,icon glyph asset (token-colored in app),canonical source: PM / Screen / settings-appearance-dark-override
pm-icon-312,assets/icons/pm-icon-312.svg,svg icon,,ParchMint design team (Penpot),exported from archive geometry; Material-aligned monochrome metaphor,included,46f7d95c48228cfea9657d33915b553946eeb29ffb59bef2bce1336b7a973aa4,both,icon glyph asset (token-colored in app),canonical source: PM / Screen / settings-replace-in-use-style
pm-icon-313,assets/icons/pm-icon-313.svg,svg icon,,ParchMint design team (Penpot),exported from archive geometry; Material-aligned monochrome metaphor,included,9c228bfb8aef01fd08bf1bbb62453c4ddf8cfa1083dc0fd7bbeb9dc7d1b9b54b,both,icon glyph asset (token-colored in app),canonical source: PM / Screen / settings-replace-in-use-style
pm-icon-314,assets/icons/pm-icon-314.svg,svg icon,,ParchMint design team (Penpot),exported from archive geometry; Material-aligned monochrome metaphor,included,3e695c24190c862e0ca67fcb2b317c3aec1a50d0475ddd7b3e83b27886154dc2,both,icon glyph asset (token-colored in app),canonical source: PM / Screen / settings-metadata-fields
pm-icon-315,assets/icons/pm-icon-315.svg,svg icon,,ParchMint design team (Penpot),exported from archive geometry; Material-aligned monochrome metaphor,included,fd9f39e2fe2eb8046819546923216fb047a9f132d9050944aea67a22cb125cb0,both,icon glyph asset (token-colored in app),canonical source: PM / Screen / settings-metadata-fields
pm-icon-316,assets/icons/pm-icon-316.svg,svg icon,,ParchMint design team (Penpot),exported from archive geometry; Material-aligned monochrome metaphor,included,8234fad3a49a5921f0eea2b2b755079d8a22889d50522fd48308c871f6a01c98,both,icon glyph asset (token-colored in app),canonical source: PM / Screen / settings-metadata-fields
pm-icon-317,assets/icons/pm-icon-317.svg,svg icon,,ParchMint design team (Penpot),exported from archive geometry; Material-aligned monochrome metaphor,included,369a7fafe79039743a92a6f9243f9a410e8cd68a628a4eadde45c86c311ba516,both,icon glyph asset (token-colored in app),canonical source: PM / Components / Search History Project
pm-icon-318,assets/icons/pm-icon-318.svg,svg icon,,ParchMint design team (Penpot),exported from archive geometry; Material-aligned monochrome metaphor,included,8450cf11b319c6f969371893e0b7d4890651332e03de7937d73f433d1e4e6fa8,both,icon glyph asset (token-colored in app),canonical source: PM / Components / Search History Project
pm-icon-319,assets/icons/pm-icon-319.svg,svg icon,,ParchMint design team (Penpot),exported from archive geometry; Material-aligned monochrome metaphor,included,b323b7220dd8c4e6886252051c8e1462bebe8f577f99a580eeecff9167dbed78,both,icon glyph asset (token-colored in app),canonical source: PM / Components / Search History Project
pm-icon-320,assets/icons/pm-icon-320.svg,svg icon,,ParchMint design team (Penpot),exported from archive geometry; Material-aligned monochrome metaphor,included,27c97c9ec6d905059d6a54f59b51bdc6a3d70872884808cab874f3b466a5e617,both,icon glyph asset (token-colored in app),canonical source: PM / Components / Search History Project
pm-icon-321,assets/icons/pm-icon-321.svg,svg icon,,ParchMint design team (Penpot),exported from archive geometry; Material-aligned monochrome metaphor,included,f45eeed4b6d69d5d5872f1b27b2c277360fae30857663f5dbd1a209050012860,both,icon glyph asset (token-colored in app),canonical source: PM / Components / Search History Project
pm-icon-322,assets/icons/pm-icon-322.svg,svg icon,,ParchMint design team (Penpot),exported from archive geometry; Material-aligned monochrome metaphor,included,4d98abb8afda97cff953cab2e460479233465ba54a33667d0e828a8c3a9576e1,both,icon glyph asset (token-colored in app),canonical source: PM / Screen / explorer-context-menu-actions
pm-icon-323,assets/icons/pm-icon-323.svg,svg icon,,ParchMint design team (Penpot),exported from archive geometry; Material-aligned monochrome metaphor,included,e771aeb3a1ea1fcc43d43d4b32bd949c9d046d97484a9b01017cb6e989094fd9,both,icon glyph asset (token-colored in app),canonical source: PM / Screen / unsupported-pasted-image
pm-icon-324,assets/icons/pm-icon-324.svg,svg icon,,ParchMint design team (Penpot),exported from archive geometry; Material-aligned monochrome metaphor,included,068e7a0399660cc94b80ee534a0ec7806c9048889bf0ed8284c37a4029d79c2f,both,icon glyph asset (token-colored in app),canonical source: PM / Screen / empty-manuscript-research-roots
pm-icon-325,assets/icons/pm-icon-325.svg,svg icon,,ParchMint design team (Penpot),exported from archive geometry; Material-aligned monochrome metaphor,included,64f0d294df4a1d368a16ec33d391b02d15d81e69991d5ecc36ece7ffa540da3a,both,icon glyph asset (token-colored in app),canonical source: PM / Screen / settings-appearance-light-override
pm-icon-326,assets/icons/pm-icon-326.svg,svg icon,,ParchMint design team (Penpot),exported from archive geometry; Material-aligned monochrome metaphor,included,25e996f49962d53a73717344b972bbb122bb4e16e5bddfd3f0ff46ff8355c647,both,icon glyph asset (token-colored in app),canonical source: PM / Screen / editor-spellcheck-suggestions
pm-icon-327,assets/icons/pm-icon-327.svg,svg icon,,ParchMint design team (Penpot),exported from archive geometry; Material-aligned monochrome metaphor,included,58945498f605d49e6abb93213471c5659130ebe05429e1f6fa83660762c63af1,both,icon glyph asset (token-colored in app),"canonical source: PM / Components / Workspace, Menus & Dictionaries"
pm-icon-328,assets/icons/pm-icon-328.svg,svg icon,,ParchMint design team (Penpot),exported from archive geometry; Material-aligned monochrome metaphor,included,7b531e0ad00c18b546aea8c2904810669c77c07ebfd55aa41723c07fe61f7dd7,both,icon glyph asset (token-colored in app),"canonical source: PM / Components / Workspace, Menus & Dictionaries"
pm-icon-329,assets/icons/pm-icon-329.svg,svg icon,,ParchMint design team (Penpot),exported from archive geometry; Material-aligned monochrome metaphor,included,f7940f6686b5f04283c9a6315a1aa60f82d791e23c19e2c1696bdd202b4b7a09,both,icon glyph asset (token-colored in app),"canonical source: PM / Components / Workspace, Menus & Dictionaries"
pm-icon-330,assets/icons/pm-icon-330.svg,svg icon,,ParchMint design team (Penpot),exported from archive geometry; Material-aligned monochrome metaphor,included,b77258f56a7593e289b20312a560e0d4eeee7a29e34f0922e7ed405cdf40c574,both,icon glyph asset (token-colored in app),"canonical source: PM / Components / Workspace, Menus & Dictionaries"
pm-icon-331,assets/icons/pm-icon-331.svg,svg icon,,ParchMint design team (Penpot),exported from archive geometry; Material-aligned monochrome metaphor,included,a36f92e06e54d4fc65264ff704eacf410c153178597822749b692cdcf3a1ee3a,both,icon glyph asset (token-colored in app),"canonical source: PM / Components / Workspace, Menus & Dictionaries"
pm-icon-332,assets/icons/pm-icon-332.svg,svg icon,,ParchMint design team (Penpot),exported from archive geometry; Material-aligned monochrome metaphor,included,20896e1d1bfe7b0109742859297f1d15928b666c5515fde14879b7b24b5a38bf,both,icon glyph asset (token-colored in app),"canonical source: PM / Components / Workspace, Menus & Dictionaries"
pm-icon-333,assets/icons/pm-icon-333.svg,svg icon,,ParchMint design team (Penpot),exported from archive geometry; Material-aligned monochrome metaphor,included,b0b9ab8d39caf162061584abaa257ded60494a29e2137496e1dc7898cff02470,both,icon glyph asset (token-colored in app),"canonical source: PM / Components / Workspace, Menus & Dictionaries"
pm-icon-334,assets/icons/pm-icon-334.svg,svg icon,,ParchMint design team (Penpot),exported from archive geometry; Material-aligned monochrome metaphor,included,0c25ce151848ce739bf92b02c0a2eb2add3afbd3d47c382baa025855c5e47b9b,both,icon glyph asset (token-colored in app),"canonical source: PM / Components / Workspace, Menus & Dictionaries"
pm-icon-335,assets/icons/pm-icon-335.svg,svg icon,,ParchMint design team (Penpot),exported from archive geometry; Material-aligned monochrome metaphor,included,b9e8319e32aca9f4c00da1eb532870fbcc9fc50f5321fcca2b015c9d17af832f,both,icon glyph asset (token-colored in app),"canonical source: PM / Components / Workspace, Menus & Dictionaries"
pm-icon-336,assets/icons/pm-icon-336.svg,svg icon,,ParchMint design team (Penpot),exported from archive geometry; Material-aligned monochrome metaphor,included,0be0e422d3f33cb1d03f8955a6548a45b0e7b5241ac8f83bd3b1547844bd9bfe,both,icon glyph asset (token-colored in app),canonical source: PM / Screen / editor-both-sidebars-collapsed
pm-icon-337,assets/icons/pm-icon-337.svg,svg icon,,ParchMint design team (Penpot),exported from archive geometry; Material-aligned monochrome metaphor,included,cd991037dbaef66aa0a44b3cdbf1ad028979e60e15c6a640cd0248604dab2010,both,icon glyph asset (token-colored in app),canonical source: PM / Screen / editor-local-find
pm-icon-338,assets/icons/pm-icon-338.svg,svg icon,,ParchMint design team (Penpot),exported from archive geometry; Material-aligned monochrome metaphor,included,19248be0d434621be6892307a696772ba247ec6446cbac8ba12d5ebea07642c8,both,icon glyph asset (token-colored in app),canonical source: PM / Screen / editor-dual-manuscript-research-right-focus
pm-icon-339,assets/icons/pm-icon-339.svg,svg icon,,ParchMint design team (Penpot),exported from archive geometry; Material-aligned monochrome metaphor,included,ad5cfb306c97124be1c835aceb2d0333a5a03cced1f283239cc9e6f93893fa67,both,icon glyph asset (token-colored in app),canonical source: PM / Screen / comments-replies-collapsed
pm-icon-340,assets/icons/pm-icon-340.svg,svg icon,,ParchMint design team (Penpot),exported from archive geometry; Material-aligned monochrome metaphor,included,46da74f6c8a7fadb2c3f46ef75a2ae3be6a0e3d24948c05784808aeef729263d,both,icon glyph asset (token-colored in app),canonical source: PM / Screen / editor-explorer-collapsed
pm-icon-341,assets/icons/pm-icon-341.svg,svg icon,,ParchMint design team (Penpot),exported from archive geometry; Material-aligned monochrome metaphor,included,1442ef35646552a370d5eef12957670ec3c8dc42938bad169da826c073185f36,both,icon glyph asset (token-colored in app),canonical source: PM / Components / Editor
pm-icon-342,assets/icons/pm-icon-342.svg,svg icon,,ParchMint design team (Penpot),exported from archive geometry; Material-aligned monochrome metaphor,included,b6c294812119851f420a957ddc2d76ebc27e39ac4a33a7e9e0be10539c685416,both,icon glyph asset (token-colored in app),canonical source: PM / Screen / editor-local-replace
pm-icon-343,assets/icons/pm-icon-343.svg,svg icon,,ParchMint design team (Penpot),exported from archive geometry; Material-aligned monochrome metaphor,included,99b5e6b48a0bccd885a010e6a93bb2bced75a6c454d21cae3ee4eac35539afd1,both,icon glyph asset (token-colored in app),canonical source: PM / Screen / editor-dual-two-manuscript
pm-icon-344,assets/icons/pm-icon-344.svg,svg icon,,ParchMint design team (Penpot),exported from archive geometry; Material-aligned monochrome metaphor,included,f95f0158d1def88e0ffc5cd550101d3eee8b617609cfaad8630c7396fd4a5293,both,icon glyph asset (token-colored in app),canonical source: PM / Screen / comments-replies-expanded-composer
pm-icon-345,assets/icons/pm-icon-345.svg,svg icon,,ParchMint design team (Penpot),exported from archive geometry; Material-aligned monochrome metaphor,included,ad7c33c96f253efda4a5f9ec7599469663d11e08349b9449bcbc57734efbec86,both,icon glyph asset (token-colored in app),canonical source: PM / Screen / inspector-many-metadata-fields
pm-icon-346,assets/icons/pm-icon-346.svg,svg icon,,ParchMint design team (Penpot),exported from archive geometry; Material-aligned monochrome metaphor,included,1a90b9724fb89713d0388c146166c8b22109fdb0ede69b9f979a8cc2ae669345,both,icon glyph asset (token-colored in app),canonical source: PM / Screen / editor-same-document-two-views
pm-icon-347,assets/icons/pm-icon-347.svg,svg icon,,ParchMint design team (Penpot),exported from archive geometry; Material-aligned monochrome metaphor,included,6e1047885de801941a47f65882e2e8443b829efa296fafd94316787726e30b94,both,icon glyph asset (token-colored in app),canonical source: PM / Screen / editor-context-menu-add-comment
pm-icon-348,assets/icons/pm-icon-348.svg,svg icon,,ParchMint design team (Penpot),exported from archive geometry; Material-aligned monochrome metaphor,included,05c104ccace2bdfabb3d82b4a29056fcdc40ffd6952566c08c2be5e98899adce,both,icon glyph asset (token-colored in app),canonical source: PM / Screen / editor-inspector-collapsed
pm-icon-349,assets/icons/pm-icon-349.svg,svg icon,,ParchMint design team (Penpot),exported from archive geometry; Material-aligned monochrome metaphor,included,9ab32ed05d5fb4b3ea84959e39fff068f2a89c7d03c54e3f6f779344baa70b65,both,icon glyph asset (token-colored in app),canonical source: PM / Screen / explorer-context-menu-actions
pm-icon-350,assets/icons/pm-icon-350.svg,svg icon,,ParchMint design team (Penpot),exported from archive geometry; Material-aligned monochrome metaphor,included,c7c0bf7112823884069f6de133284d860409c89aa67bbb8dfa43c39e823187bc,both,icon glyph asset (token-colored in app),canonical source: PM / Screen / unsupported-pasted-image
pm-icon-351,assets/icons/pm-icon-351.svg,svg icon,,ParchMint design team (Penpot),exported from archive geometry; Material-aligned monochrome metaphor,included,fb3eb25e1570643ed6e7feff7139b58269ae8f1ff047ef8aff78f5aaecb02769,both,icon glyph asset (token-colored in app),canonical source: PM / Screen / editor-long-comments
pm-icon-352,assets/icons/pm-icon-352.svg,svg icon,,ParchMint design team (Penpot),exported from archive geometry; Material-aligned monochrome metaphor,included,9885aa355de4974f7b2f43a7935bbad46ea293eee408721e2736fc320a893317,both,icon glyph asset (token-colored in app),canonical source: PM / Prototype Terminal / create-and-write / editor-ready
pm-icon-353,assets/icons/pm-icon-353.svg,svg icon,,ParchMint design team (Penpot),exported from archive geometry; Material-aligned monochrome metaphor,included,8e314bb50df681d7a421d21bd1075052359d5d67283bd8de11d71f47ae0af7f8,both,icon glyph asset (token-colored in app),canonical source: PM / Screen / editor-dual-manuscript-research-left-focus
pm-icon-354,assets/icons/pm-icon-354.svg,svg icon,,ParchMint design team (Penpot),exported from archive geometry; Material-aligned monochrome metaphor,included,8b6ab8528e7029b8820f22b9af2f6c8dfd4ef306a53c060098b4a8563bc06f98,both,icon glyph asset (token-colored in app),canonical source: PM / Prototype Terminal / save-failure-retry / editor-saved
pm-icon-355,assets/icons/pm-icon-355.svg,svg icon,,ParchMint design team (Penpot),exported from archive geometry; Material-aligned monochrome metaphor,included,45816df460d013911f973262697de7aa12bb873e1beea21d38570b6acc446167,both,icon glyph asset (token-colored in app),canonical source: PM / Screen / editor-semantic-content-and-breaks
pm-icon-356,assets/icons/pm-icon-356.svg,svg icon,,ParchMint design team (Penpot),exported from archive geometry; Material-aligned monochrome metaphor,included,26acbb1c837c877eaa4131bf8a905a293840c87faaf8ec2e3b59972cde14ea94,both,icon glyph asset (token-colored in app),canonical source: PM / Prototype Terminal / cards-and-organize / editor-return
pm-icon-357,assets/icons/pm-icon-357.svg,svg icon,,ParchMint design team (Penpot),exported from archive geometry; Material-aligned monochrome metaphor,included,7a4968595f8e5d8a9c76c36b3fda0007cba44d1e582a89aec77d2a9afcd608fd,both,icon glyph asset (token-colored in app),canonical source: PM / Screen / editor-single-default
pm-icon-358,assets/icons/pm-icon-358.svg,svg icon,,ParchMint design team (Penpot),exported from archive geometry; Material-aligned monochrome metaphor,included,1eeddf39aae3e7e374bc632d5731bc41bc7fef84235c303fff74ccf3ce109698,both,icon glyph asset (token-colored in app),canonical source: PM / Screen / editor-spellcheck-suggestions
pm-icon-359,assets/icons/pm-icon-359.svg,svg icon,,ParchMint design team (Penpot),exported from archive geometry; Material-aligned monochrome metaphor,included,ecb0419d66803d38e659fc786baa09891196ee4775e3d516adf10d1f4f530c13,both,icon glyph asset (token-colored in app),canonical source: PM / Screen / editor-both-sidebars-collapsed
pm-icon-360,assets/icons/pm-icon-360.svg,svg icon,,ParchMint design team (Penpot),exported from archive geometry; Material-aligned monochrome metaphor,included,d2071179832246b1ac866a8a677962a6af0edfe3c760333bbc34762b9299bb8b,both,icon glyph asset (token-colored in app),canonical source: PM / Screen / editor-local-find
pm-icon-361,assets/icons/pm-icon-361.svg,svg icon,,ParchMint design team (Penpot),exported from archive geometry; Material-aligned monochrome metaphor,included,daa7a52fcc71e2852bd50be1589ccf55238d27d321ffe7c67f5010894267d4cb,both,icon glyph asset (token-colored in app),canonical source: PM / Screen / editor-dual-manuscript-research-right-focus
pm-icon-362,assets/icons/pm-icon-362.svg,svg icon,,ParchMint design team (Penpot),exported from archive geometry; Material-aligned monochrome metaphor,included,b06917f945d65e27bca9be73c9a454b056934c8e7f2957c5daedea35d8d184ff,both,icon glyph asset (token-colored in app),canonical source: PM / Screen / comments-replies-collapsed
pm-icon-363,assets/icons/pm-icon-363.svg,svg icon,,ParchMint design team (Penpot),exported from archive geometry; Material-aligned monochrome metaphor,included,22ee225a291728e21d319e501da7e5c861e44380f7c534a0a357cf237efae5fa,both,icon glyph asset (token-colored in app),canonical source: PM / Screen / editor-explorer-collapsed
pm-icon-364,assets/icons/pm-icon-364.svg,svg icon,,ParchMint design team (Penpot),exported from archive geometry; Material-aligned monochrome metaphor,included,35b8bf159314e23eade281db77cbf434a6a95449707d7a9587264b60e55d5676,both,icon glyph asset (token-colored in app),canonical source: PM / Components / Editor
pm-icon-365,assets/icons/pm-icon-365.svg,svg icon,,ParchMint design team (Penpot),exported from archive geometry; Material-aligned monochrome metaphor,included,afcd107ce1b444f95210157b998972919fcbee19db36d30c48ab49b6ca4e7c77,both,icon glyph asset (token-colored in app),canonical source: PM / Screen / editor-local-replace
pm-icon-366,assets/icons/pm-icon-366.svg,svg icon,,ParchMint design team (Penpot),exported from archive geometry; Material-aligned monochrome metaphor,included,d3c5906058c8e83ee14f447123280e295dccc82bfe93220c78c88209fe417bf4,both,icon glyph asset (token-colored in app),canonical source: PM / Screen / editor-dual-two-manuscript
pm-icon-367,assets/icons/pm-icon-367.svg,svg icon,,ParchMint design team (Penpot),exported from archive geometry; Material-aligned monochrome metaphor,included,03d35de890b5926ab21958599da55f55c4b96d550585e5cb2f277f2427b1bdb9,both,icon glyph asset (token-colored in app),canonical source: PM / Screen / comments-replies-expanded-composer
pm-icon-368,assets/icons/pm-icon-368.svg,svg icon,,ParchMint design team (Penpot),exported from archive geometry; Material-aligned monochrome metaphor,included,841553d4ff3b5e61d7db4ac28dd1201642bca6c47619c4ea6868786a23cfc6a9,both,icon glyph asset (token-colored in app),canonical source: PM / Screen / inspector-many-metadata-fields
pm-icon-369,assets/icons/pm-icon-369.svg,svg icon,,ParchMint design team (Penpot),exported from archive geometry; Material-aligned monochrome metaphor,included,5f723072136d5ac3a1f7b0d8fe4163e972e1c61855ec977af13c1d41e4d48ad8,both,icon glyph asset (token-colored in app),canonical source: PM / Screen / editor-same-document-two-views
pm-icon-370,assets/icons/pm-icon-370.svg,svg icon,,ParchMint design team (Penpot),exported from archive geometry; Material-aligned monochrome metaphor,included,c7982ef394be1e9a3a7491f4679778391aba9bd89b421bb459a6b3f0185e2914,both,icon glyph asset (token-colored in app),canonical source: PM / Screen / editor-context-menu-add-comment
pm-icon-371,assets/icons/pm-icon-371.svg,svg icon,,ParchMint design team (Penpot),exported from archive geometry; Material-aligned monochrome metaphor,included,393917d01fa6d3524f09410e65528fc2429967cd00c6b6303c568c710f5b3c0c,both,icon glyph asset (token-colored in app),canonical source: PM / Screen / editor-inspector-collapsed
pm-icon-372,assets/icons/pm-icon-372.svg,svg icon,,ParchMint design team (Penpot),exported from archive geometry; Material-aligned monochrome metaphor,included,3b63d62e30cd6543597af4bf001751ee82f3aa3d73935df7b8d6142c768d7b72,both,icon glyph asset (token-colored in app),canonical source: PM / Screen / editor-long-comments
pm-icon-373,assets/icons/pm-icon-373.svg,svg icon,,ParchMint design team (Penpot),exported from archive geometry; Material-aligned monochrome metaphor,included,3570ca4a25f7cea987a008fb812ea567497bd423cc629c582adb4be68ebc5e59,both,icon glyph asset (token-colored in app),canonical source: PM / Prototype Terminal / create-and-write / editor-ready
pm-icon-374,assets/icons/pm-icon-374.svg,svg icon,,ParchMint design team (Penpot),exported from archive geometry; Material-aligned monochrome metaphor,included,1c232dfa302ccf642ba08d0bc8152215b3e0378329fa6d77b30e4cc9ee371317,both,icon glyph asset (token-colored in app),canonical source: PM / Screen / editor-dual-manuscript-research-left-focus
pm-icon-375,assets/icons/pm-icon-375.svg,svg icon,,ParchMint design team (Penpot),exported from archive geometry; Material-aligned monochrome metaphor,included,d083fe42a124081f53cdfc1870bc45de8c00fd81367c8c0d02af9d82ba2b7916,both,icon glyph asset (token-colored in app),canonical source: PM / Prototype Terminal / save-failure-retry / editor-saved
pm-icon-376,assets/icons/pm-icon-376.svg,svg icon,,ParchMint design team (Penpot),exported from archive geometry; Material-aligned monochrome metaphor,included,bcbc862411fb1105a9ffe045d6adf1ba8b82d31bf45672eb7043b17bdafa2072,both,icon glyph asset (token-colored in app),canonical source: PM / Screen / editor-semantic-content-and-breaks
pm-icon-377,assets/icons/pm-icon-377.svg,svg icon,,ParchMint design team (Penpot),exported from archive geometry; Material-aligned monochrome metaphor,included,bccd51a57e92a3c97f21a2de313b9e9140b35c8820736cbeb2c79dc06d8b8f5b,both,icon glyph asset (token-colored in app),canonical source: PM / Prototype Terminal / cards-and-organize / editor-return
pm-icon-378,assets/icons/pm-icon-378.svg,svg icon,,ParchMint design team (Penpot),exported from archive geometry; Material-aligned monochrome metaphor,included,cf3979f878e88f90ddfe95c11aa27d5e215b97e261584a1584a57a9e6c08b648,both,icon glyph asset (token-colored in app),canonical source: PM / Screen / editor-single-default
pm-icon-379,assets/icons/pm-icon-379.svg,svg icon,,ParchMint design team (Penpot),exported from archive geometry; Material-aligned monochrome metaphor,included,ade3450879e749ce17b43e6d324da681358be7afd40f26a74521b61946ead7ed,both,icon glyph asset (token-colored in app),canonical source: PM / Screen / explorer-context-menu-actions
pm-icon-380,assets/icons/pm-icon-380.svg,svg icon,,ParchMint design team (Penpot),exported from archive geometry; Material-aligned monochrome metaphor,included,439d2f7c1e41617451fa20511521892f40d0e1fc73d3706033a761f4fa3561e4,both,icon glyph asset (token-colored in app),canonical source: PM / Screen / unsupported-pasted-image
pm-icon-381,assets/icons/pm-icon-381.svg,svg icon,,ParchMint design team (Penpot),exported from archive geometry; Material-aligned monochrome metaphor,included,fdbdbabb3db18ab89175f9e9fc6a55934fae4542dcbbfbd11227d1b8c38e4fcc,both,icon glyph asset (token-colored in app),canonical source: PM / Screen / editor-spellcheck-suggestions
pm-icon-382,assets/icons/pm-icon-382.svg,svg icon,,ParchMint design team (Penpot),exported from archive geometry; Material-aligned monochrome metaphor,included,8efe8a855a4bee4cd11a3eb7e01d60c84c071a6b1c2b74f80c3cdb26e39adb84,both,icon glyph asset (token-colored in app),canonical source: PM / Screen / editor-local-find
pm-icon-383,assets/icons/pm-icon-383.svg,svg icon,,ParchMint design team (Penpot),exported from archive geometry; Material-aligned monochrome metaphor,included,12486b170966d8f5481efcb635e6467a738c2a3b02dc30b4d394c54cb7e21dff,both,icon glyph asset (token-colored in app),canonical source: PM / Components / Editor
pm-icon-384,assets/icons/pm-icon-384.svg,svg icon,,ParchMint design team (Penpot),exported from archive geometry; Material-aligned monochrome metaphor,included,e300897753563fd312954482a1c149f643ac184357eda798e7183f5f125d0c01,both,icon glyph asset (token-colored in app),canonical source: PM / Screen / editor-local-replace
pm-icon-385,assets/icons/pm-icon-385.svg,svg icon,,ParchMint design team (Penpot),exported from archive geometry; Material-aligned monochrome metaphor,included,482f431384fbdd2e4e93b0bebf5681493b148ee027f5c26ae472994a9e833c1f,both,icon glyph asset (token-colored in app),canonical source: PM / Screen / editor-dual-manuscript-research-left-focus
pm-icon-386,assets/icons/pm-icon-386.svg,svg icon,,ParchMint design team (Penpot),exported from archive geometry; Material-aligned monochrome metaphor,included,f729c89b1cb39e722541bc966fb7bd09102bfe7647a2a355f6b4963c716b7604,both,icon glyph asset (token-colored in app),canonical source: PM / Screen / editor-dual-manuscript-research-left-focus
pm-icon-387,assets/icons/pm-icon-387.svg,svg icon,,ParchMint design team (Penpot),exported from archive geometry; Material-aligned monochrome metaphor,included,13c6e669b95da76b99759f716d50cb08e34663f79734c2573f4554bec87d3397,both,icon glyph asset (token-colored in app),canonical source: PM / Screen / editor-both-sidebars-collapsed
pm-icon-388,assets/icons/pm-icon-388.svg,svg icon,,ParchMint design team (Penpot),exported from archive geometry; Material-aligned monochrome metaphor,included,f1df0aceb25c3940b9ca835e7262392c6ad0c68f95d559f1ccb51db43296bd1f,both,icon glyph asset (token-colored in app),canonical source: PM / Screen / editor-both-sidebars-collapsed
pm-icon-389,assets/icons/pm-icon-389.svg,svg icon,,ParchMint design team (Penpot),exported from archive geometry; Material-aligned monochrome metaphor,included,0811382a167121e9b17b1ba6666b5152a283003d8e5fc6f20b73ffdfead9af8c,both,icon glyph asset (token-colored in app),canonical source: PM / Screen / editor-dual-manuscript-research-right-focus
pm-icon-390,assets/icons/pm-icon-390.svg,svg icon,,ParchMint design team (Penpot),exported from archive geometry; Material-aligned monochrome metaphor,included,82d7eae75008be5fa6186fae263270ffe70ffbce27401b7c62cf7d1e20b0fb7e,both,icon glyph asset (token-colored in app),canonical source: PM / Screen / editor-local-find
pm-icon-391,assets/icons/pm-icon-391.svg,svg icon,,ParchMint design team (Penpot),exported from archive geometry; Material-aligned monochrome metaphor,included,65225c540fc2ed2c173f3dcff6696a68982ac6752a835ed68602c734ea24c66d,both,icon glyph asset (token-colored in app),canonical source: PM / Screen / comments-replies-collapsed
pm-icon-392,assets/icons/pm-icon-392.svg,svg icon,,ParchMint design team (Penpot),exported from archive geometry; Material-aligned monochrome metaphor,included,4ee2d432e3cfdaeb92dce5c6e4044742f7c95084576ba79ffadd5c1b8faff2df,both,icon glyph asset (token-colored in app),canonical source: PM / Screen / editor-both-sidebars-collapsed
pm-icon-393,assets/icons/pm-icon-393.svg,svg icon,,ParchMint design team (Penpot),exported from archive geometry; Material-aligned monochrome metaphor,included,d35fa078f972255a0b49d649176690944d4ad04da4224c728dd2386e740c0d17,both,icon glyph asset (token-colored in app),canonical source: PM / Screen / editor-dual-manuscript-research-right-focus
pm-icon-394,assets/icons/pm-icon-394.svg,svg icon,,ParchMint design team (Penpot),exported from archive geometry; Material-aligned monochrome metaphor,included,1fdabd48aa7ffd1742f2ff9413a929bc9dc37a8abda96713aac23cb2a9d935f6,both,icon glyph asset (token-colored in app),canonical source: PM / Screen / editor-local-find
pm-icon-395,assets/icons/pm-icon-395.svg,svg icon,,ParchMint design team (Penpot),exported from archive geometry; Material-aligned monochrome metaphor,included,c9faf03687086596bc3de74437c342ddc87faf2c22a7521ea52eb5dc20988344,both,icon glyph asset (token-colored in app),canonical source: PM / Screen / comments-replies-collapsed
pm-icon-396,assets/icons/pm-icon-396.svg,svg icon,,ParchMint design team (Penpot),exported from archive geometry; Material-aligned monochrome metaphor,included,9113df697953499899e7429ee483cef6f40480d871c096db49bc3c616c365dde,both,icon glyph asset (token-colored in app),canonical source: PM / Screen / editor-dual-manuscript-research-right-focus
pm-icon-397,assets/icons/pm-icon-397.svg,svg icon,,ParchMint design team (Penpot),exported from archive geometry; Material-aligned monochrome metaphor,included,44484f9ae73a7e45c17b7f29ae199558f2bbee1631ed3c4a749aafbd0a82d850,both,icon glyph asset (token-colored in app),canonical source: PM / Screen / editor-both-sidebars-collapsed
pm-icon-398,assets/icons/pm-icon-398.svg,svg icon,,ParchMint design team (Penpot),exported from archive geometry; Material-aligned monochrome metaphor,included,d48c6ea2b2ae3ff570abc81eefe756f7b0264c0a77107fa9c201d71ee5f281ea,both,icon glyph asset (token-colored in app),canonical source: PM / Screen / editor-dual-manuscript-research-right-focus
pm-icon-399,assets/icons/pm-icon-399.svg,svg icon,,ParchMint design team (Penpot),exported from archive geometry; Material-aligned monochrome metaphor,included,529c6c21d5021a7baa23fcd57b8a2a683174915833223dcaa0d9d8ba9ddc3307,both,icon glyph asset (token-colored in app),canonical source: PM / Screen / editor-local-find
pm-icon-400,assets/icons/pm-icon-400.svg,svg icon,,ParchMint design team (Penpot),exported from archive geometry; Material-aligned monochrome metaphor,included,df574f38ea7080b7d0dd645ed67e7ad879b0264f93b6b54174a42ec75d61ce94,both,icon glyph asset (token-colored in app),canonical source: PM / Screen / comments-replies-collapsed
pm-icon-401,assets/icons/pm-icon-401.svg,svg icon,,ParchMint design team (Penpot),exported from archive geometry; Material-aligned monochrome metaphor,included,c3b986e12210d10f9d9d23ad15a3746072fcd497589db53830be8afe7ca094bd,both,icon glyph asset (token-colored in app),canonical source: PM / Screen / editor-dual-manuscript-research-right-focus
pm-icon-402,assets/icons/pm-icon-402.svg,svg icon,,ParchMint design team (Penpot),exported from archive geometry; Material-aligned monochrome metaphor,included,ff3b1178a0e4e9d855e3c4fc4a244701cc11221e0bf6230e8825758e4925f010,both,icon glyph asset (token-colored in app),canonical source: PM / Components / Shell & Explorer
pm-icon-403,assets/icons/pm-icon-403.svg,svg icon,,ParchMint design team (Penpot),exported from archive geometry; Material-aligned monochrome metaphor,included,4c71ce8d63f522b0f3c02a9caa17a088f71d60060d2810e77fec6756d9cc70d8,both,icon glyph asset (token-colored in app),canonical source: PM / Screen / editor-dual-manuscript-research-right-focus
pm-icon-404,assets/icons/pm-icon-404.svg,svg icon,,ParchMint design team (Penpot),exported from archive geometry; Material-aligned monochrome metaphor,included,17eec2d9dd752f9bd81cec42942aa8f7af736457cac886d61e9afa2c028d2147,both,icon glyph asset (token-colored in app),canonical source: PM / Screen / editor-local-find
pm-icon-405,assets/icons/pm-icon-405.svg,svg icon,,ParchMint design team (Penpot),exported from archive geometry; Material-aligned monochrome metaphor,included,bdca67f547e866ab448882602b2a16cf6b5ad8654c79e78f3df6eca6ff4075da,both,icon glyph asset (token-colored in app),canonical source: PM / Screen / comments-replies-collapsed
pm-icon-406,assets/icons/pm-icon-406.svg,svg icon,,ParchMint design team (Penpot),exported from archive geometry; Material-aligned monochrome metaphor,included,76bed18a76a2eaafdf183640f7f5b13849a79169642f3f9f4fdea0116ee327f3,both,icon glyph asset (token-colored in app),canonical source: PM / Screen / editor-dual-manuscript-research-right-focus
pm-icon-407,assets/icons/pm-icon-407.svg,svg icon,,ParchMint design team (Penpot),exported from archive geometry; Material-aligned monochrome metaphor,included,0329dd9d7cd4316fe666628f1856bc31e0d1e652c6001bbb2434bca12c432019,both,icon glyph asset (token-colored in app),canonical source: PM / Screen / editor-dual-manuscript-research-right-focus
pm-icon-408,assets/icons/pm-icon-408.svg,svg icon,,ParchMint design team (Penpot),exported from archive geometry; Material-aligned monochrome metaphor,included,3839f1dc6d486abad7cd979d7d3c9b8c9b393c145f08a3a15b0ced89eb40ee00,both,icon glyph asset (token-colored in app),canonical source: PM / Screen / editor-explorer-collapsed
pm-icon-409,assets/icons/pm-icon-409.svg,svg icon,,ParchMint design team (Penpot),exported from archive geometry; Material-aligned monochrome metaphor,included,534e3ba4ead6528dff9bd8afb0dad5d502e6c9da815e91dcc85527b79131f0a0,both,icon glyph asset (token-colored in app),canonical source: PM / Components / Editor
pm-icon-410,assets/icons/pm-icon-410.svg,svg icon,,ParchMint design team (Penpot),exported from archive geometry; Material-aligned monochrome metaphor,included,ec3be4521416d62be862e64bd4889aba164ce6fc8e473931d2fcf36b3e4a25d2,both,icon glyph asset (token-colored in app),canonical source: PM / Screen / editor-explorer-collapsed
pm-icon-411,assets/icons/pm-icon-411.svg,svg icon,,ParchMint design team (Penpot),exported from archive geometry; Material-aligned monochrome metaphor,included,01a100dbc29992a6eda8d91a2470f3bbe2bf3b957f6a3edc4d473d0620aca91b,both,icon glyph asset (token-colored in app),canonical source: PM / Components / Editor
pm-icon-412,assets/icons/pm-icon-412.svg,svg icon,,ParchMint design team (Penpot),exported from archive geometry; Material-aligned monochrome metaphor,included,3a0a80b232fd98984838719feaf9a13cef1093593b1f57c989f473ec58c30715,both,icon glyph asset (token-colored in app),canonical source: PM / Screen / editor-dual-two-manuscript
pm-icon-413,assets/icons/pm-icon-413.svg,svg icon,,ParchMint design team (Penpot),exported from archive geometry; Material-aligned monochrome metaphor,included,185274b5ee60b15e0900d4aa9f675b1569e7a9de265184e426647da650b0b230,both,icon glyph asset (token-colored in app),canonical source: PM / Screen / editor-local-replace
pm-icon-414,assets/icons/pm-icon-414.svg,svg icon,,ParchMint design team (Penpot),exported from archive geometry; Material-aligned monochrome metaphor,included,3cdf41285d4011a9861b33d25e8c8234a37ded52de85f08b024a7cc68bcaea16,both,icon glyph asset (token-colored in app),canonical source: PM / Screen / comments-replies-expanded-composer
pm-icon-415,assets/icons/pm-icon-415.svg,svg icon,,ParchMint design team (Penpot),exported from archive geometry; Material-aligned monochrome metaphor,included,233f861668327a59fbbb09318d04287480808afe7264918a8c4427ac0f3b2958,both,icon glyph asset (token-colored in app),canonical source: PM / Screen / editor-explorer-collapsed
pm-icon-416,assets/icons/pm-icon-416.svg,svg icon,,ParchMint design team (Penpot),exported from archive geometry; Material-aligned monochrome metaphor,included,fac9f83739a190271c409ce0b7445adf86ff5c04dfd1c7341015fd8d87493583,both,icon glyph asset (token-colored in app),canonical source: PM / Screen / editor-document-loading
pm-icon-417,assets/icons/pm-icon-417.svg,svg icon,,ParchMint design team (Penpot),exported from archive geometry; Material-aligned monochrome metaphor,included,6dc65938cef8e666bd7d2591a05a7a5aabc76654bb1d152c66b763bae10a10cf,both,icon glyph asset (token-colored in app),canonical source: PM / Screen / editor-dual-two-manuscript
pm-icon-418,assets/icons/pm-icon-418.svg,svg icon,,ParchMint design team (Penpot),exported from archive geometry; Material-aligned monochrome metaphor,included,9d3c02a644b8dda5b7d3c3075dbf100cafa7394777aa90d55d76e67f237e4354,both,icon glyph asset (token-colored in app),canonical source: PM / Components / Editor
pm-icon-419,assets/icons/pm-icon-419.svg,svg icon,,ParchMint design team (Penpot),exported from archive geometry; Material-aligned monochrome metaphor,included,85b0452e30a9b16f8047aa4289c214645e3cde39cd99a12ba9dd5e576c69f8d0,both,icon glyph asset (token-colored in app),canonical source: PM / Screen / editor-local-replace
pm-icon-420,assets/icons/pm-icon-420.svg,svg icon,,ParchMint design team (Penpot),exported from archive geometry; Material-aligned monochrome metaphor,included,ac88034883925466c491586e06030a94fefe9f986865e5c3a7f1da49b2d182bc,both,icon glyph asset (token-colored in app),canonical source: PM / Screen / comments-replies-expanded-composer
pm-icon-421,assets/icons/pm-icon-421.svg,svg icon,,ParchMint design team (Penpot),exported from archive geometry; Material-aligned monochrome metaphor,included,e1fd5e2f42c44b585c9237a926af2dc67094864f29fe4049598d7ba8bbd13f06,both,icon glyph asset (token-colored in app),canonical source: PM / Screen / editor-document-loading
pm-icon-422,assets/icons/pm-icon-422.svg,svg icon,,ParchMint design team (Penpot),exported from archive geometry; Material-aligned monochrome metaphor,included,d5355ad90f582d475c62ccef2cb256df0e25995834cb00b4dd67130159307985,both,icon glyph asset (token-colored in app),canonical source: PM / Screen / editor-dual-two-manuscript
pm-icon-423,assets/icons/pm-icon-423.svg,svg icon,,ParchMint design team (Penpot),exported from archive geometry; Material-aligned monochrome metaphor,included,ac77f00ba9a51a166a857af0c57a44886039892085af0a9fee8dae2a8238b1fe,both,icon glyph asset (token-colored in app),canonical source: PM / Screen / editor-explorer-collapsed
pm-icon-424,assets/icons/pm-icon-424.svg,svg icon,,ParchMint design team (Penpot),exported from archive geometry; Material-aligned monochrome metaphor,included,67a35e0d3efd3ddc922b8e6c375159dd04595efc30eaca69fce60dd83ba7948c,both,icon glyph asset (token-colored in app),canonical source: PM / Components / Editor
pm-icon-425,assets/icons/pm-icon-425.svg,svg icon,,ParchMint design team (Penpot),exported from archive geometry; Material-aligned monochrome metaphor,included,924440cd5bb26f4d8cc370e7c065590e24ba5753f9d5ae338b62cd25accbb428,both,icon glyph asset (token-colored in app),canonical source: PM / Screen / editor-dual-two-manuscript
pm-icon-426,assets/icons/pm-icon-426.svg,svg icon,,ParchMint design team (Penpot),exported from archive geometry; Material-aligned monochrome metaphor,included,d30a6bf749bca9e2a732f3456426329b4ba10602b22ba60b03abf164cefcf2a1,both,icon glyph asset (token-colored in app),canonical source: PM / Screen / editor-local-replace
pm-icon-427,assets/icons/pm-icon-427.svg,svg icon,,ParchMint design team (Penpot),exported from archive geometry; Material-aligned monochrome metaphor,included,614b181bccfc9771ca8455011bb9c5679583e6cd42a8cd73b1e2f30a34879739,both,icon glyph asset (token-colored in app),canonical source: PM / Screen / comments-replies-expanded-composer
pm-icon-428,assets/icons/pm-icon-428.svg,svg icon,,ParchMint design team (Penpot),exported from archive geometry; Material-aligned monochrome metaphor,included,69f40e7a5c22885dcc2f58ae32aa3bde8b66d354780a0c4c0ba767d30cf15cd2,both,icon glyph asset (token-colored in app),canonical source: PM / Screen / editor-document-loading
pm-icon-429,assets/icons/pm-icon-429.svg,svg icon,,ParchMint design team (Penpot),exported from archive geometry; Material-aligned monochrome metaphor,included,0b62ccb86bba77871dce89bccffff3d6de56f078292323e13e3ec061676c9dd1,both,icon glyph asset (token-colored in app),canonical source: PM / Screen / editor-dual-manuscript-research-left-focus
pm-icon-430,assets/icons/pm-icon-430.svg,svg icon,,ParchMint design team (Penpot),exported from archive geometry; Material-aligned monochrome metaphor,included,fae656178811873f9203d363c2c2f82c7126e1af15f2b078dea99ffaa884d14c,both,icon glyph asset (token-colored in app),canonical source: PM / Screen / editor-dual-two-manuscript
pm-icon-431,assets/icons/pm-icon-431.svg,svg icon,,ParchMint design team (Penpot),exported from archive geometry; Material-aligned monochrome metaphor,included,a2020c8910acba0dfe406ba6e395f6a22cb5f468433a5455ef48bf679453aa61,both,icon glyph asset (token-colored in app),canonical source: PM / Screen / editor-dual-two-manuscript
pm-icon-432,assets/icons/pm-icon-432.svg,svg icon,,ParchMint design team (Penpot),exported from archive geometry; Material-aligned monochrome metaphor,included,37f8950a71451b30e4baf083e50992051868d46395115dcb2df6f46ce9cf5bcc,both,icon glyph asset (token-colored in app),canonical source: PM / Screen / editor-local-replace
pm-icon-433,assets/icons/pm-icon-433.svg,svg icon,,ParchMint design team (Penpot),exported from archive geometry; Material-aligned monochrome metaphor,included,35bbd8a23ab99af33e6193a5d3ef0c7714a9175c127447e0f61598535fa7d2e1,both,icon glyph asset (token-colored in app),canonical source: PM / Screen / comments-replies-expanded-composer
pm-icon-434,assets/icons/pm-icon-434.svg,svg icon,,ParchMint design team (Penpot),exported from archive geometry; Material-aligned monochrome metaphor,included,a27ee494a7c1cf363b71d5e96f5c43adca39cea7a913eb274da3c3bb0775fae6,both,icon glyph asset (token-colored in app),canonical source: PM / Screen / editor-document-loading
pm-icon-435,assets/icons/pm-icon-435.svg,svg icon,,ParchMint design team (Penpot),exported from archive geometry; Material-aligned monochrome metaphor,included,342857f51e6f3a94a313bc21f178bc70bf37f6d48fe17c7f334687c78b1d43d1,both,icon glyph asset (token-colored in app),canonical source: PM / Screen / editor-dual-two-manuscript
pm-icon-436,assets/icons/pm-icon-436.svg,svg icon,,ParchMint design team (Penpot),exported from archive geometry; Material-aligned monochrome metaphor,included,9ad13d51d8c2a2dc22c271b0c9b74d22a5d3900d4b7698289ddaa9d43936121e,both,icon glyph asset (token-colored in app),canonical source: PM / Screen / editor-dual-two-manuscript
pm-icon-437,assets/icons/pm-icon-437.svg,svg icon,,ParchMint design team (Penpot),exported from archive geometry; Material-aligned monochrome metaphor,included,54ea020caaaeeff041cf3b9054a29f52c315b1c56463187ac36df13e83a1b013,both,icon glyph asset (token-colored in app),canonical source: PM / Screen / editor-long-comments
pm-icon-438,assets/icons/pm-icon-438.svg,svg icon,,ParchMint design team (Penpot),exported from archive geometry; Material-aligned monochrome metaphor,included,2ccbd83a37fa90fd85e80e203c6ee90822c31cb0a97d3fc72d22f2dfc9cf01dc,both,icon glyph asset (token-colored in app),canonical source: PM / Screen / editor-single-default
pm-icon-439,assets/icons/pm-icon-439.svg,svg icon,,ParchMint design team (Penpot),exported from archive geometry; Material-aligned monochrome metaphor,included,48ede5b02d9a5632bcc4f979aa2af69a23ece74a1ca69a9a4bd2555190bc5f2b,both,icon glyph asset (token-colored in app),canonical source: PM / Screen / editor-semantic-content-and-breaks
pm-icon-440,assets/icons/pm-icon-440.svg,svg icon,,ParchMint design team (Penpot),exported from archive geometry; Material-aligned monochrome metaphor,included,a206c2b9beed13e3e54bcadbd4e64d4be923a568c7e8d321e08262dd3ca73e89,both,icon glyph asset (token-colored in app),canonical source: PM / Screen / lost-comment-anchor
pm-icon-441,assets/icons/pm-icon-441.svg,svg icon,,ParchMint design team (Penpot),exported from archive geometry; Material-aligned monochrome metaphor,included,25b31587f19a002529a86c14f71f272dbfb58c8bc502f77afcfc4965f1e9e24a,both,icon glyph asset (token-colored in app),canonical source: PM / Prototype Terminal / create-and-write / editor-ready
pm-icon-442,assets/icons/pm-icon-442.svg,svg icon,,ParchMint design team (Penpot),exported from archive geometry; Material-aligned monochrome metaphor,included,85356fe7c6f8f2382cae50c844e20f37a1b719931bfe3d4cce1873227581e977,both,icon glyph asset (token-colored in app),canonical source: PM / Prototype Terminal / save-failure-retry / editor-saved
pm-icon-443,assets/icons/pm-icon-443.svg,svg icon,,ParchMint design team (Penpot),exported from archive geometry; Material-aligned monochrome metaphor,included,9e2c4acc387b3c874d74de3a518e07e2bf1e3defdab4d16b327865d96870da8b,both,icon glyph asset (token-colored in app),canonical source: PM / Screen / editor-semantic-content-and-breaks
pm-icon-444,assets/icons/pm-icon-444.svg,svg icon,,ParchMint design team (Penpot),exported from archive geometry; Material-aligned monochrome metaphor,included,e11aee15f5952c3b708762d18765b8e9fb700199221a6ad3b5607c7d67b8b535,both,icon glyph asset (token-colored in app),canonical source: PM / Prototype Terminal / cards-and-organize / editor-return
pm-icon-445,assets/icons/pm-icon-445.svg,svg icon,,ParchMint design team (Penpot),exported from archive geometry; Material-aligned monochrome metaphor,included,4d9732607862d498278468a229b742d444ba8412a047e9c98d955754162ce07f,both,icon glyph asset (token-colored in app),canonical source: PM / Screen / editor-dual-manuscript-research-left-focus
pm-icon-446,assets/icons/pm-icon-446.svg,svg icon,,ParchMint design team (Penpot),exported from archive geometry; Material-aligned monochrome metaphor,included,f5394664ca5060b014135111780799abf4f2b40ae8f8121156de6e9e71f6b57c,both,icon glyph asset (token-colored in app),canonical source: PM / Screen / editor-same-document-two-views
pm-icon-447,assets/icons/pm-icon-447.svg,svg icon,,ParchMint design team (Penpot),exported from archive geometry; Material-aligned monochrome metaphor,included,f8fa80d6d0efd06587ac4e32ad53760b464948d7e6598b2b9d4c9be40bc1da43,both,icon glyph asset (token-colored in app),canonical source: PM / Screen / inspector-many-metadata-fields
pm-icon-448,assets/icons/pm-icon-448.svg,svg icon,,ParchMint design team (Penpot),exported from archive geometry; Material-aligned monochrome metaphor,included,af2176a19a3e75926aa7077f6ed63b3cca6cc3f9e09dccf1a59fbaaa6a90c1ba,both,icon glyph asset (token-colored in app),canonical source: PM / Screen / editor-inspector-collapsed
pm-icon-449,assets/icons/pm-icon-449.svg,svg icon,,ParchMint design team (Penpot),exported from archive geometry; Material-aligned monochrome metaphor,included,cd499809d3043124df8be1395ad082ed370190bd4fcd2724dfdfd5411057722b,both,icon glyph asset (token-colored in app),canonical source: PM / Screen / editor-context-menu-add-comment
pm-icon-450,assets/icons/pm-icon-450.svg,svg icon,,ParchMint design team (Penpot),exported from archive geometry; Material-aligned monochrome metaphor,included,3d6fcd700bede3ac48b8ec17f1f2d8a0faf26f50bd62e61bb1691e6510559c8b,both,icon glyph asset (token-colored in app),canonical source: PM / Screen / editor-same-document-two-views
pm-icon-451,assets/icons/pm-icon-451.svg,svg icon,,ParchMint design team (Penpot),exported from archive geometry; Material-aligned monochrome metaphor,included,3556c570aa921239d90d3563887095d53925d41835edf6baeffe95a41d48296a,both,icon glyph asset (token-colored in app),canonical source: PM / Screen / inspector-many-metadata-fields
pm-icon-452,assets/icons/pm-icon-452.svg,svg icon,,ParchMint design team (Penpot),exported from archive geometry; Material-aligned monochrome metaphor,included,ea55bbeb5abd2bdf109762c16ed6020735ce90a8072816107692c651a6927e15,both,icon glyph asset (token-colored in app),canonical source: PM / Screen / editor-inspector-collapsed
pm-icon-453,assets/icons/pm-icon-453.svg,svg icon,,ParchMint design team (Penpot),exported from archive geometry; Material-aligned monochrome metaphor,included,23cfc9ec9c0be245c3a6ac65cbe02eb759f7465618d283a03287cae9659acd40,both,icon glyph asset (token-colored in app),canonical source: PM / Screen / editor-context-menu-add-comment
pm-icon-454,assets/icons/pm-icon-454.svg,svg icon,,ParchMint design team (Penpot),exported from archive geometry; Material-aligned monochrome metaphor,included,7d0451eb515d4aea53d350d6b872417b5c74e80fb431c6dcdb8d1ee83e0b8ecb,both,icon glyph asset (token-colored in app),canonical source: PM / Screen / editor-same-document-two-views
pm-icon-455,assets/icons/pm-icon-455.svg,svg icon,,ParchMint design team (Penpot),exported from archive geometry; Material-aligned monochrome metaphor,included,a274f3fbefbbeaa7b7a003ff74c9a3eb3dca5886b02cd52127cf8818d7f36f04,both,icon glyph asset (token-colored in app),canonical source: PM / Screen / editor-same-document-two-views
pm-icon-456,assets/icons/pm-icon-456.svg,svg icon,,ParchMint design team (Penpot),exported from archive geometry; Material-aligned monochrome metaphor,included,9da037c46f18160c83280e8772079f4a9f183da09ad71617e7b5a8158e3b7cdb,both,icon glyph asset (token-colored in app),canonical source: PM / Screen / inspector-many-metadata-fields
pm-icon-457,assets/icons/pm-icon-457.svg,svg icon,,ParchMint design team (Penpot),exported from archive geometry; Material-aligned monochrome metaphor,included,78ce69a146741b12f21d2ca0667142e50bc168a6b5fce445f90a1387277168be,both,icon glyph asset (token-colored in app),canonical source: PM / Screen / editor-inspector-collapsed
pm-icon-458,assets/icons/pm-icon-458.svg,svg icon,,ParchMint design team (Penpot),exported from archive geometry; Material-aligned monochrome metaphor,included,89aa3d7ef43a381824179d54071c973434942166ed03897787cb52d01f06634e,both,icon glyph asset (token-colored in app),canonical source: PM / Screen / editor-context-menu-add-comment
pm-icon-459,assets/icons/pm-icon-459.svg,svg icon,,ParchMint design team (Penpot),exported from archive geometry; Material-aligned monochrome metaphor,included,e99ba3cf81bb9d74dcfd716f229e44012e1da38035eee7125d84ca7e62b61b7a,both,icon glyph asset (token-colored in app),canonical source: PM / Screen / editor-same-document-two-views
pm-icon-460,assets/icons/pm-icon-460.svg,svg icon,,ParchMint design team (Penpot),exported from archive geometry; Material-aligned monochrome metaphor,included,79318fccd2e76a71af8621af958f324aa71e6bcc303e5615c7d9e23ca811a55a,both,icon glyph asset (token-colored in app),canonical source: PM / Screen / editor-same-document-two-views
pm-icon-461,assets/icons/pm-icon-461.svg,svg icon,,ParchMint design team (Penpot),exported from archive geometry; Material-aligned monochrome metaphor,included,6d1e731a734f340e3d9130aa923c28272399ef92a9c5f223d1572d79b1149524,both,icon glyph asset (token-colored in app),canonical source: PM / Screen / inspector-many-metadata-fields
pm-icon-462,assets/icons/pm-icon-462.svg,svg icon,,ParchMint design team (Penpot),exported from archive geometry; Material-aligned monochrome metaphor,included,ab7625201e9353b42e54bb0a6e0c9989c1b7c509d4e04eb286b23632a2788970,both,icon glyph asset (token-colored in app),canonical source: PM / Screen / editor-inspector-collapsed
pm-icon-463,assets/icons/pm-icon-463.svg,svg icon,,ParchMint design team (Penpot),exported from archive geometry; Material-aligned monochrome metaphor,included,01e3bd178ae48f3fd00564f40e6a617f3a8d18384f9cb2327085fcbd661ca3bb,both,icon glyph asset (token-colored in app),canonical source: PM / Screen / editor-context-menu-add-comment
pm-icon-464,assets/icons/pm-icon-464.svg,svg icon,,ParchMint design team (Penpot),exported from archive geometry; Material-aligned monochrome metaphor,included,10f228dd2fd851859917896eda40f8627da3dbdecdab3246911b8e1b843972d1,both,icon glyph asset (token-colored in app),canonical source: PM / Screen / editor-same-document-two-views
pm-icon-465,assets/icons/pm-icon-465.svg,svg icon,,ParchMint design team (Penpot),exported from archive geometry; Material-aligned monochrome metaphor,included,353a1965ea70517314167090c46bf856cb79397fa390e8887e1da0d2aec7651b,both,icon glyph asset (token-colored in app),canonical source: PM / Screen / editor-same-document-two-views
pm-icon-466,assets/icons/pm-icon-466.svg,svg icon,,ParchMint design team (Penpot),exported from archive geometry; Material-aligned monochrome metaphor,included,7724eed6a842eae9395d2acee30fa543977213eabefa4c375158121c81fc360e,both,icon glyph asset (token-colored in app),canonical source: PM / Screen / editor-long-comments
pm-icon-467,assets/icons/pm-icon-467.svg,svg icon,,ParchMint design team (Penpot),exported from archive geometry; Material-aligned monochrome metaphor,included,cf0fb2f0f9f703ea8629703186b4381fad82439723c5145eb2f6c3f04703e500,both,icon glyph asset (token-colored in app),canonical source: PM / Screen / editor-single-default
pm-icon-468,assets/icons/pm-icon-468.svg,svg icon,,ParchMint design team (Penpot),exported from archive geometry; Material-aligned monochrome metaphor,included,0e84fb403cfa026248e336f81d07679321f6f453a72c88c880ec33a2774bb629,both,icon glyph asset (token-colored in app),canonical source: PM / Screen / editor-semantic-content-and-breaks
pm-icon-469,assets/icons/pm-icon-469.svg,svg icon,,ParchMint design team (Penpot),exported from archive geometry; Material-aligned monochrome metaphor,included,1524b9cb75b8d09452cb07cf127e9afdac4ca110cff08a4d23eeb8c0b868bd5d,both,icon glyph asset (token-colored in app),canonical source: PM / Screen / lost-comment-anchor
pm-icon-470,assets/icons/pm-icon-470.svg,svg icon,,ParchMint design team (Penpot),exported from archive geometry; Material-aligned monochrome metaphor,included,cf691668581565c51f5e6cb122fc4d92f84902736cdce05a2ef93e97fa35e774,both,icon glyph asset (token-colored in app),canonical source: PM / Prototype Terminal / create-and-write / editor-ready
pm-icon-471,assets/icons/pm-icon-471.svg,svg icon,,ParchMint design team (Penpot),exported from archive geometry; Material-aligned monochrome metaphor,included,55d20b8b4e040235b829f0dd83f241e952b57bb4de2c3a0c2b0a948d88de9767,both,icon glyph asset (token-colored in app),canonical source: PM / Prototype Terminal / save-failure-retry / editor-saved
pm-icon-472,assets/icons/pm-icon-472.svg,svg icon,,ParchMint design team (Penpot),exported from archive geometry; Material-aligned monochrome metaphor,included,236a07dba191a17b645052d46f2d96d8bb719794fb99d0b18a8b89541d4a1e8e,both,icon glyph asset (token-colored in app),canonical source: PM / Screen / editor-semantic-content-and-breaks
pm-icon-473,assets/icons/pm-icon-473.svg,svg icon,,ParchMint design team (Penpot),exported from archive geometry; Material-aligned monochrome metaphor,included,8745057ee68de17a3c6eaa456b280f9eaeeb500b22b55d62d6c145df71265e44,both,icon glyph asset (token-colored in app),canonical source: PM / Prototype Terminal / cards-and-organize / editor-return
pm-icon-474,assets/icons/pm-icon-474.svg,svg icon,,ParchMint design team (Penpot),exported from archive geometry; Material-aligned monochrome metaphor,included,bf53e2b86de193611ea5bc4e3159374746f98f83cd61a3e3c9c46be1f80e3c6e,both,icon glyph asset (token-colored in app),canonical source: PM / Screen / editor-dual-manuscript-research-left-focus
pm-icon-475,assets/icons/pm-icon-475.svg,svg icon,,ParchMint design team (Penpot),exported from archive geometry; Material-aligned monochrome metaphor,included,119d166ff09bf7544e47b205627769af0c9138405351d5d11a1ca541f21051c8,both,icon glyph asset (token-colored in app),canonical source: PM / Screen / explorer-context-menu-actions
pm-icon-476,assets/icons/pm-icon-476.svg,svg icon,,ParchMint design team (Penpot),exported from archive geometry; Material-aligned monochrome metaphor,included,b3fe554c1a62af80f50a97ab2dd68fdfdf1f0403dd0d948c2575ed0bbb7ce456,both,icon glyph asset (token-colored in app),canonical source: PM / Screen / unsupported-pasted-image
pm-icon-477,assets/icons/pm-icon-477.svg,svg icon,,ParchMint design team (Penpot),exported from archive geometry; Material-aligned monochrome metaphor,included,a424479c193377b92a7d2244668c317eb0f3cf81be8829d4ea623bd1a0805d49,both,icon glyph asset (token-colored in app),canonical source: PM / Screen / explorer-context-menu-actions
pm-icon-478,assets/icons/pm-icon-478.svg,svg icon,,ParchMint design team (Penpot),exported from archive geometry; Material-aligned monochrome metaphor,included,aa67bad7a56e62e25b20ea0112d897323b74e1dc7d35a3bf67f68665ce76e466,both,icon glyph asset (token-colored in app),canonical source: PM / Screen / unsupported-pasted-image
pm-icon-479,assets/icons/pm-icon-479.svg,svg icon,,ParchMint design team (Penpot),exported from archive geometry; Material-aligned monochrome metaphor,included,37bcf57fdf642516c111d4023f512ceaf716299feba9fd7817d24aeb9aefe9cf,both,icon glyph asset (token-colored in app),canonical source: PM / Screen / explorer-context-menu-actions
pm-icon-480,assets/icons/pm-icon-480.svg,svg icon,,ParchMint design team (Penpot),exported from archive geometry; Material-aligned monochrome metaphor,included,c3787f0e65cdbdc945074ebf00ff240ff457e372923eb81d5b3f77425a50f199,both,icon glyph asset (token-colored in app),canonical source: PM / Screen / unsupported-pasted-image
pm-icon-481,assets/icons/pm-icon-481.svg,svg icon,,ParchMint design team (Penpot),exported from archive geometry; Material-aligned monochrome metaphor,included,f2eb3420fbc2350d5a95b439775653a617d64ce2bd50298d5481ecab04cef97e,both,icon glyph asset (token-colored in app),canonical source: PM / Screen / explorer-context-menu-actions
pm-icon-482,assets/icons/pm-icon-482.svg,svg icon,,ParchMint design team (Penpot),exported from archive geometry; Material-aligned monochrome metaphor,included,d5c80c7b9577042a5d1c1ee93e1f2719a20e7e8ce570fff7834aec954837828b,both,icon glyph asset (token-colored in app),canonical source: PM / Screen / unsupported-pasted-image
pm-icon-483,assets/icons/pm-icon-483.svg,svg icon,,ParchMint design team (Penpot),exported from archive geometry; Material-aligned monochrome metaphor,included,4dab74b4ee68aceae4f9816082eb4ec965c4011a77e14eff6aada5caac866502,both,icon glyph asset (token-colored in app),canonical source: PM / Screen / editor-dual-manuscript-research-left-focus
pm-icon-484,assets/icons/pm-icon-484.svg,svg icon,,ParchMint design team (Penpot),exported from archive geometry; Material-aligned monochrome metaphor,included,6de25467aeaf998bdc8b1cd007a50548e8992b385899764a7cf8fd1323a092bd,both,icon glyph asset (token-colored in app),canonical source: PM / Screen / editor-long-comments
pm-icon-485,assets/icons/pm-icon-485.svg,svg icon,,ParchMint design team (Penpot),exported from archive geometry; Material-aligned monochrome metaphor,included,8191ad7d922057d90592de825266af91ed6f2ddebfa04dd5462318d367b89539,both,icon glyph asset (token-colored in app),canonical source: PM / Screen / editor-single-default
pm-icon-486,assets/icons/pm-icon-486.svg,svg icon,,ParchMint design team (Penpot),exported from archive geometry; Material-aligned monochrome metaphor,included,676243a0f3597a4c878ab3ef3ac50d98290ab025e287aa5f498f3aa1efb8d182,both,icon glyph asset (token-colored in app),canonical source: PM / Screen / editor-semantic-content-and-breaks
pm-icon-487,assets/icons/pm-icon-487.svg,svg icon,,ParchMint design team (Penpot),exported from archive geometry; Material-aligned monochrome metaphor,included,fbe6998833dab11e0c33f0e19f64eabab81cfd15a88d86f2ea676bbc7b6e280f,both,icon glyph asset (token-colored in app),canonical source: PM / Screen / lost-comment-anchor
pm-icon-488,assets/icons/pm-icon-488.svg,svg icon,,ParchMint design team (Penpot),exported from archive geometry; Material-aligned monochrome metaphor,included,02b204232edc9990a17ac4c17a37c970a38ad5e6db41ad0bc0d2a4d4c703c4d0,both,icon glyph asset (token-colored in app),canonical source: PM / Prototype Terminal / create-and-write / editor-ready
pm-icon-489,assets/icons/pm-icon-489.svg,svg icon,,ParchMint design team (Penpot),exported from archive geometry; Material-aligned monochrome metaphor,included,85a18c59c304d0f7d185c7e348b3d7be8dac0158819db9d07587d3e9316be2c3,both,icon glyph asset (token-colored in app),canonical source: PM / Prototype Terminal / save-failure-retry / editor-saved
pm-icon-490,assets/icons/pm-icon-490.svg,svg icon,,ParchMint design team (Penpot),exported from archive geometry; Material-aligned monochrome metaphor,included,8c63289aaf547f475907efaa852994cb15b7bee89a961c6a4523e106aa28cb64,both,icon glyph asset (token-colored in app),canonical source: PM / Screen / editor-semantic-content-and-breaks
pm-icon-491,assets/icons/pm-icon-491.svg,svg icon,,ParchMint design team (Penpot),exported from archive geometry; Material-aligned monochrome metaphor,included,7b26800a757f77d8c084903dc15556ec1b9a2104037b2aa373084bbfc845454f,both,icon glyph asset (token-colored in app),canonical source: PM / Prototype Terminal / cards-and-organize / editor-return
pm-icon-492,assets/icons/pm-icon-492.svg,svg icon,,ParchMint design team (Penpot),exported from archive geometry; Material-aligned monochrome metaphor,included,f8584cbce8873747b88b36f05404e0d2df3e4adb2e33c92f49994250dc252366,both,icon glyph asset (token-colored in app),"canonical source: PM / Components / Workspace, Menus & Dictionaries"
pm-icon-493,assets/icons/pm-icon-493.svg,svg icon,,ParchMint design team (Penpot),exported from archive geometry; Material-aligned monochrome metaphor,included,a70c4e788d26a3dcc942e544ed5e09530c49c8d76d4a6bc58517ed8610444da3,both,icon glyph asset (token-colored in app),"canonical source: PM / Components / Workspace, Menus & Dictionaries"
pm-icon-494,assets/icons/pm-icon-494.svg,svg icon,,ParchMint design team (Penpot),exported from archive geometry; Material-aligned monochrome metaphor,included,8e099e5ed6e95d6c8820080888059aa2da55c6ebe5d8e4d2dad9e716eae0df8f,both,icon glyph asset (token-colored in app),canonical source: PM / Screen / editor-spellcheck-suggestions
pm-icon-495,assets/icons/pm-icon-495.svg,svg icon,,ParchMint design team (Penpot),exported from archive geometry; Material-aligned monochrome metaphor,included,df5019e3b0b28eae44e869d142bbd86e4c247c2aed8850dfb0b9b647c6801cd7,both,icon glyph asset (token-colored in app),canonical source: PM / Screen / editor-dual-manuscript-research-left-focus
pm-icon-496,assets/icons/pm-icon-496.svg,svg icon,,ParchMint design team (Penpot),exported from archive geometry; Material-aligned monochrome metaphor,included,9cbcb26333829e64f5b570d7c016476aeb371b43e310e27be513ea9dad926d6c,both,icon glyph asset (token-colored in app),canonical source: PM / Screen / editor-spellcheck-suggestions
pm-icon-497,assets/icons/pm-icon-497.svg,svg icon,,ParchMint design team (Penpot),exported from archive geometry; Material-aligned monochrome metaphor,included,311fafb0e94a80db397d060d58ec6eec0d531517823f6c4487debed7143b22e5,both,icon glyph asset (token-colored in app),"canonical source: PM / Components / Workspace, Menus & Dictionaries"
pm-icon-498,assets/icons/pm-icon-498.svg,svg icon,,ParchMint design team (Penpot),exported from archive geometry; Material-aligned monochrome metaphor,included,0facd99648394ee86fdcc2e99fd3b5af386a5829dada928a0605c313421016ae,both,icon glyph asset (token-colored in app),canonical source: PM / Screen / editor-spellcheck-suggestions
pm-icon-499,assets/icons/pm-icon-499.svg,svg icon,,ParchMint design team (Penpot),exported from archive geometry; Material-aligned monochrome metaphor,included,b4fe4f73ad3d8db1634e8ee8ea3bd832147d25d4c1b4993d15a80ae437f511f9,both,icon glyph asset (token-colored in app),"canonical source: PM / Components / Workspace, Menus & Dictionaries"
pm-icon-500,assets/icons/pm-icon-500.svg,svg icon,,ParchMint design team (Penpot),exported from archive geometry; Material-aligned monochrome metaphor,included,81f36b785d1bdc872be6f80fb1fc20ba7fe28567f29230f35b6e17dd14eb867f,both,icon glyph asset (token-colored in app),canonical source: PM / Screen / editor-spellcheck-suggestions
pm-icon-501,assets/icons/pm-icon-501.svg,svg icon,,ParchMint design team (Penpot),exported from archive geometry; Material-aligned monochrome metaphor,included,3e8bf79e34c67d58b05ea581dda992a2d5730a61cec14d3d5b65c466a57ff1f8,both,icon glyph asset (token-colored in app),canonical source: PM / Screen / editor-dual-manuscript-research-left-focus
pm-icon-502,assets/icons/pm-icon-502.svg,svg icon,,ParchMint design team (Penpot),exported from archive geometry; Material-aligned monochrome metaphor,included,5d2c5a7b5c047cdd2fa9db117481de4763e86c0af150f2fd366ea269ec95cf01,both,icon glyph asset (token-colored in app),canonical source: PM / Screen / editor-long-comments
pm-icon-503,assets/icons/pm-icon-503.svg,svg icon,,ParchMint design team (Penpot),exported from archive geometry; Material-aligned monochrome metaphor,included,47b3f70f5dbabc2905e96d9d30224fb2adb37577ea8ff8d74267e482e3288361,both,icon glyph asset (token-colored in app),canonical source: PM / Screen / editor-single-default
pm-icon-504,assets/icons/pm-icon-504.svg,svg icon,,ParchMint design team (Penpot),exported from archive geometry; Material-aligned monochrome metaphor,included,842a3d85ad368c09acd6adea57084f13e7218ba0cc88d62ecb3494b519b49d8b,both,icon glyph asset (token-colored in app),canonical source: PM / Screen / editor-semantic-content-and-breaks
pm-icon-505,assets/icons/pm-icon-505.svg,svg icon,,ParchMint design team (Penpot),exported from archive geometry; Material-aligned monochrome metaphor,included,c08cab77118ad0e043a62d7040b3800edb78ff802ace12b08ba5a28c9192e9f7,both,icon glyph asset (token-colored in app),canonical source: PM / Screen / lost-comment-anchor
pm-icon-506,assets/icons/pm-icon-506.svg,svg icon,,ParchMint design team (Penpot),exported from archive geometry; Material-aligned monochrome metaphor,included,70eec253e4f60187c515b9b818611eccec385f05d90bbb961595bccc4b5bc1d6,both,icon glyph asset (token-colored in app),canonical source: PM / Prototype Terminal / create-and-write / editor-ready
pm-icon-507,assets/icons/pm-icon-507.svg,svg icon,,ParchMint design team (Penpot),exported from archive geometry; Material-aligned monochrome metaphor,included,3b0e8598002817b8f1d398e4ff8998eb25e803caf0270733bf6d6a45d7ea49a5,both,icon glyph asset (token-colored in app),canonical source: PM / Prototype Terminal / save-failure-retry / editor-saved
pm-icon-508,assets/icons/pm-icon-508.svg,svg icon,,ParchMint design team (Penpot),exported from archive geometry; Material-aligned monochrome metaphor,included,3d1483317cc73828714ec3f85a1719584e3da53a61a4f3fbef92faea7b7ae3c9,both,icon glyph asset (token-colored in app),canonical source: PM / Screen / editor-semantic-content-and-breaks
pm-icon-509,assets/icons/pm-icon-509.svg,svg icon,,ParchMint design team (Penpot),exported from archive geometry; Material-aligned monochrome metaphor,included,0374a274467f022b565c8fc42bb67f4d7649b3763cd73b4a12d5a93206209087,both,icon glyph asset (token-colored in app),canonical source: PM / Prototype Terminal / cards-and-organize / editor-return
pm-icon-510,assets/icons/pm-icon-510.svg,svg icon,,ParchMint design team (Penpot),exported from archive geometry; Material-aligned monochrome metaphor,included,7842175c83b91162e500af5cd3f2350c07e026c725315dbd054dd771c2ffd73d,both,icon glyph asset (token-colored in app),canonical source: PM / Screen / editor-both-sidebars-collapsed
pm-icon-511,assets/icons/pm-icon-511.svg,svg icon,,ParchMint design team (Penpot),exported from archive geometry; Material-aligned monochrome metaphor,included,2748c02000ab0d6ac6ea3f5fc9720f2c6f4dcc02c9b55d1eabfdbfd971c72a96,both,icon glyph asset (token-colored in app),canonical source: PM / Screen / editor-local-find
pm-icon-512,assets/icons/pm-icon-512.svg,svg icon,,ParchMint design team (Penpot),exported from archive geometry; Material-aligned monochrome metaphor,included,a32532a139a399aec7bde78ef0401691edecb54a82a548f9e198106dc4906443,both,icon glyph asset (token-colored in app),canonical source: PM / Screen / editor-dual-manuscript-research-right-focus
pm-icon-513,assets/icons/pm-icon-513.svg,svg icon,,ParchMint design team (Penpot),exported from archive geometry; Material-aligned monochrome metaphor,included,5d8cb8a231dde221448c3f2c447aa50e7af3710f2c76623cec91147758b29434,both,icon glyph asset (token-colored in app),canonical source: PM / Screen / comments-replies-collapsed
pm-icon-514,assets/icons/pm-icon-514.svg,svg icon,,ParchMint design team (Penpot),exported from archive geometry; Material-aligned monochrome metaphor,included,4c00b72693220d8d36fbc6037b15eedc9a80a286fc370a590383592b3111d6c9,both,icon glyph asset (token-colored in app),canonical source: PM / Screen / editor-explorer-collapsed
pm-icon-515,assets/icons/pm-icon-515.svg,svg icon,,ParchMint design team (Penpot),exported from archive geometry; Material-aligned monochrome metaphor,included,f918ef4c8e487aaebae09d3f05cea2c2dfd8f02a3dca6b35af8fe12484583e7f,both,icon glyph asset (token-colored in app),canonical source: PM / Components / Editor
pm-icon-516,assets/icons/pm-icon-516.svg,svg icon,,ParchMint design team (Penpot),exported from archive geometry; Material-aligned monochrome metaphor,included,c82a08d09cdc740768b68807567d6fa6cf83f9a67fcb3178fc60a2c594d82ece,both,icon glyph asset (token-colored in app),canonical source: PM / Screen / editor-local-replace
pm-icon-517,assets/icons/pm-icon-517.svg,svg icon,,ParchMint design team (Penpot),exported from archive geometry; Material-aligned monochrome metaphor,included,33e222d23039984a1302881c7b4815fe2af126807762ea3811fea31475609659,both,icon glyph asset (token-colored in app),canonical source: PM / Screen / editor-dual-two-manuscript
pm-icon-518,assets/icons/pm-icon-518.svg,svg icon,,ParchMint design team (Penpot),exported from archive geometry; Material-aligned monochrome metaphor,included,a9bf60536e70cc421eb7a9569e0b5fdd5c9746bb290f96b9ee6a19d929afdc65,both,icon glyph asset (token-colored in app),canonical source: PM / Screen / comments-replies-expanded-composer
pm-icon-519,assets/icons/pm-icon-519.svg,svg icon,,ParchMint design team (Penpot),exported from archive geometry; Material-aligned monochrome metaphor,included,6fefe67edefe50ba7853fbe8b81d97168bb9776ee2f851a53b38338d9237a091,both,icon glyph asset (token-colored in app),canonical source: PM / Screen / inspector-many-metadata-fields
pm-icon-520,assets/icons/pm-icon-520.svg,svg icon,,ParchMint design team (Penpot),exported from archive geometry; Material-aligned monochrome metaphor,included,159082ddbd6732b663e956fa1ce4ea6003a03b6502a63c2c7cf0e2e51cff2e68,both,icon glyph asset (token-colored in app),canonical source: PM / Screen / editor-same-document-two-views
pm-icon-521,assets/icons/pm-icon-521.svg,svg icon,,ParchMint design team (Penpot),exported from archive geometry; Material-aligned monochrome metaphor,included,64eaa4418210629f3cab23dc18ca7aa547b49dd2f20d0c5258d34470e56fbb7c,both,icon glyph asset (token-colored in app),canonical source: PM / Screen / editor-context-menu-add-comment
pm-icon-522,assets/icons/pm-icon-522.svg,svg icon,,ParchMint design team (Penpot),exported from archive geometry; Material-aligned monochrome metaphor,included,66a1b53ebfe4386eee891bd5a4746a56ee94080be9bf2db6c0ecf17e3c89a438,both,icon glyph asset (token-colored in app),canonical source: PM / Screen / editor-inspector-collapsed
pm-icon-523,assets/icons/pm-icon-523.svg,svg icon,,ParchMint design team (Penpot),exported from archive geometry; Material-aligned monochrome metaphor,included,80e23ea717718536aca50a3b717d37d6306d26de0e8965878b852bec034b945e,both,icon glyph asset (token-colored in app),canonical source: PM / Screen / editor-long-comments
pm-icon-524,assets/icons/pm-icon-524.svg,svg icon,,ParchMint design team (Penpot),exported from archive geometry; Material-aligned monochrome metaphor,included,33e9a7ec6704e11040c1b2dec455ea431a296f83c968acea7b16fce748644fd6,both,icon glyph asset (token-colored in app),canonical source: PM / Prototype Terminal / create-and-write / editor-ready
pm-icon-525,assets/icons/pm-icon-525.svg,svg icon,,ParchMint design team (Penpot),exported from archive geometry; Material-aligned monochrome metaphor,included,54915ed8fa86c30fda720ecdc542b153cba2be284fb184205929f261d197a904,both,icon glyph asset (token-colored in app),canonical source: PM / Screen / editor-dual-manuscript-research-left-focus
pm-icon-526,assets/icons/pm-icon-526.svg,svg icon,,ParchMint design team (Penpot),exported from archive geometry; Material-aligned monochrome metaphor,included,a0d3bdf41d13f4ed1bbfe435a271bf4cdca71bd6c5a336747953f9830ab7b229,both,icon glyph asset (token-colored in app),canonical source: PM / Prototype Terminal / save-failure-retry / editor-saved
pm-icon-527,assets/icons/pm-icon-527.svg,svg icon,,ParchMint design team (Penpot),exported from archive geometry; Material-aligned monochrome metaphor,included,754b0b733012e4e9a67543ca5e9fa618abc468fc6a21bcc420ce070f566ca329,both,icon glyph asset (token-colored in app),canonical source: PM / Screen / editor-semantic-content-and-breaks
pm-icon-528,assets/icons/pm-icon-528.svg,svg icon,,ParchMint design team (Penpot),exported from archive geometry; Material-aligned monochrome metaphor,included,0f8f49cafa65032509daf6b76339097f620dafe6bdab131903186957bb2030c6,both,icon glyph asset (token-colored in app),canonical source: PM / Prototype Terminal / cards-and-organize / editor-return
pm-icon-529,assets/icons/pm-icon-529.svg,svg icon,,ParchMint design team (Penpot),exported from archive geometry; Material-aligned monochrome metaphor,included,bc1c5e45534c5ee581b12ee323fcf1ccde9ef81271a937f52d3cd6443e618788,both,icon glyph asset (token-colored in app),canonical source: PM / Screen / editor-single-default
pm-icon-530,assets/icons/pm-icon-530.svg,svg icon,,ParchMint design team (Penpot),exported from archive geometry; Material-aligned monochrome metaphor,included,0e47719e6ca10546acc4c09e32d29f719d7431ed3cc81cb1f5ba41c64bc7f722,both,icon glyph asset (token-colored in app),canonical source: PM / Screen / explorer-context-menu-actions
pm-icon-531,assets/icons/pm-icon-531.svg,svg icon,,ParchMint design team (Penpot),exported from archive geometry; Material-aligned monochrome metaphor,included,9bc92390034e54c62f5f5a9df39bb1fabd72648637097ce061c2288650099d87,both,icon glyph asset (token-colored in app),canonical source: PM / Screen / unsupported-pasted-image
pm-icon-532,assets/icons/pm-icon-532.svg,svg icon,,ParchMint design team (Penpot),exported from archive geometry; Material-aligned monochrome metaphor,included,f034f15bc3fbac3a9c4dc9f8df2c68d9ea1435e2cfd130aa627f0257f92fdc97,both,icon glyph asset (token-colored in app),canonical source: PM / Screen / editor-spellcheck-suggestions
pm-icon-533,assets/icons/pm-icon-533.svg,svg icon,,ParchMint design team (Penpot),exported from archive geometry; Material-aligned monochrome metaphor,included,030455639d9ff2857f5bdaf9a9eba747d311808d728be241d57dc7619630bba7,both,icon glyph asset (token-colored in app),canonical source: PM / Screen / editor-local-find
pm-icon-534,assets/icons/pm-icon-534.svg,svg icon,,ParchMint design team (Penpot),exported from archive geometry; Material-aligned monochrome metaphor,included,a93b7618ebce711265c234f53b7f50145a050443bdeac3995bb2c0aeb46b8ba6,both,icon glyph asset (token-colored in app),canonical source: PM / Components / Editor
pm-icon-535,assets/icons/pm-icon-535.svg,svg icon,,ParchMint design team (Penpot),exported from archive geometry; Material-aligned monochrome metaphor,included,fbddb77ce873a4c2462bbfa5d4785f1e43875dacef4d6a2816e3f317035c7fd7,both,icon glyph asset (token-colored in app),canonical source: PM / Screen / editor-local-replace
pm-icon-536,assets/icons/pm-icon-536.svg,svg icon,,ParchMint design team (Penpot),exported from archive geometry; Material-aligned monochrome metaphor,included,2d991d10e690f9b68f1ce07607b67a599c9e95f84db9b96182f76a33d5a10685,both,icon glyph asset (token-colored in app),canonical source: PM / Components / General Controls
pm-icon-537,assets/icons/pm-icon-537.svg,svg icon,,ParchMint design team (Penpot),exported from archive geometry; Material-aligned monochrome metaphor,included,acbefd566f5f03cd7bdbd0c905a864d09d9279604247ed18f6578a9892595f8e,both,icon glyph asset (token-colored in app),canonical source: PM / Screen / editor-long-comments
pm-icon-538,assets/icons/pm-icon-538.svg,svg icon,,ParchMint design team (Penpot),exported from archive geometry; Material-aligned monochrome metaphor,included,65c76b7c395798fee06792a69c62b1182578d086724ba7c30f3ce560c8e4ecbc,both,icon glyph asset (token-colored in app),canonical source: PM / Prototype Terminal / create-and-write / editor-ready
pm-icon-539,assets/icons/pm-icon-539.svg,svg icon,,ParchMint design team (Penpot),exported from archive geometry; Material-aligned monochrome metaphor,included,e0a60213cfbc98f4e7884db2fb8a7825552278e2631f244d7dafb1c5e6d509d5,both,icon glyph asset (token-colored in app),canonical source: PM / Screen / editor-dual-manuscript-research-left-focus
pm-icon-540,assets/icons/pm-icon-540.svg,svg icon,,ParchMint design team (Penpot),exported from archive geometry; Material-aligned monochrome metaphor,included,5bcd3db02600b29fad4513a650db8aa018457fc327e9a25a3977853767b09868,both,icon glyph asset (token-colored in app),canonical source: PM / Prototype Terminal / save-failure-retry / editor-saved
pm-icon-541,assets/icons/pm-icon-541.svg,svg icon,,ParchMint design team (Penpot),exported from archive geometry; Material-aligned monochrome metaphor,included,2e22c3ce011e78eaea8e6c4c6c526c2d061add5c25ca566a1e18365d72383f4b,both,icon glyph asset (token-colored in app),canonical source: PM / Screen / editor-semantic-content-and-breaks
pm-icon-542,assets/icons/pm-icon-542.svg,svg icon,,ParchMint design team (Penpot),exported from archive geometry; Material-aligned monochrome metaphor,included,ee19c8964924c51c263046a2185a8c19134c60f67483d01526c11f060a9b55e1,both,icon glyph asset (token-colored in app),canonical source: PM / Prototype Terminal / cards-and-organize / editor-return
pm-icon-543,assets/icons/pm-icon-543.svg,svg icon,,ParchMint design team (Penpot),exported from archive geometry; Material-aligned monochrome metaphor,included,881c7bf4e7fca16aef1c7c94ff905a623effbfde6faba7bfd525b63682ff48e8,both,icon glyph asset (token-colored in app),canonical source: PM / Screen / editor-single-default
pm-icon-544,assets/icons/pm-icon-544.svg,svg icon,,ParchMint design team (Penpot),exported from archive geometry; Material-aligned monochrome metaphor,included,40df2e7ccfdc70094c99932b2315a3db42d319ab5f08cacdd92711f653bb9cb8,both,icon glyph asset (token-colored in app),canonical source: PM / Components / Shell & Explorer
pm-icon-545,assets/icons/pm-icon-545.svg,svg icon,,ParchMint design team (Penpot),exported from archive geometry; Material-aligned monochrome metaphor,included,352eba0c5f0baddfddd2b4ce560390cdcb27ad4cd3f0e2e5237d9e1023c4a076,both,icon glyph asset (token-colored in app),canonical source: PM / Screen / editor-local-find
pm-icon-546,assets/icons/pm-icon-546.svg,svg icon,,ParchMint design team (Penpot),exported from archive geometry; Material-aligned monochrome metaphor,included,5c17116349b1076b0d1c9c0c6939f0251bcabfa8314ed36252167c82290612de,both,icon glyph asset (token-colored in app),canonical source: PM / Screen / inspector-group-no-comments
pm-icon-547,assets/icons/pm-icon-547.svg,svg icon,,ParchMint design team (Penpot),exported from archive geometry; Material-aligned monochrome metaphor,included,d03567727d568361616bb620ec0caaec33ec76ca492ab218981d7c291697b9d5,both,icon glyph asset (token-colored in app),canonical source: PM / Screen / editor-dual-manuscript-research-right-focus
pm-icon-548,assets/icons/pm-icon-548.svg,svg icon,,ParchMint design team (Penpot),exported from archive geometry; Material-aligned monochrome metaphor,included,ed222e0942ffae9756755bc85678b43fee9584e9bfedcc43108c57a8b9d03885,both,icon glyph asset (token-colored in app),canonical source: PM / Screen / cards-research-selected
pm-icon-549,assets/icons/pm-icon-549.svg,svg icon,,ParchMint design team (Penpot),exported from archive geometry; Material-aligned monochrome metaphor,included,5a7e2838811d7f52bb61f0177d7a50909c53a39b251f130eb053dd83d69f1d9f,both,icon glyph asset (token-colored in app),canonical source: PM / Screen / inspector-no-metadata-fields
pm-icon-550,assets/icons/pm-icon-550.svg,svg icon,,ParchMint design team (Penpot),exported from archive geometry; Material-aligned monochrome metaphor,included,cf3444938c719ebf7c99cfe15f8e86eb00d918f25a9fb81e21966e88587e8b8d,both,icon glyph asset (token-colored in app),canonical source: PM / Screen / editor-local-replace
pm-icon-551,assets/icons/pm-icon-551.svg,svg icon,,ParchMint design team (Penpot),exported from archive geometry; Material-aligned monochrome metaphor,included,cce18a3975ed421c59c3c821e4861176d7e51b7ae7e5bfa28d75072856f64399,both,icon glyph asset (token-colored in app),canonical source: PM / Screen / editor-dual-two-manuscript
pm-icon-552,assets/icons/pm-icon-552.svg,svg icon,,ParchMint design team (Penpot),exported from archive geometry; Material-aligned monochrome metaphor,included,15614e363a46d9a9edf356dd1b73e0e3ed5ac6d7d32162fb29727b33ee98e648,both,icon glyph asset (token-colored in app),canonical source: PM / Screen / editor-explorer-collapsed
pm-icon-553,assets/icons/pm-icon-553.svg,svg icon,,ParchMint design team (Penpot),exported from archive geometry; Material-aligned monochrome metaphor,included,a6d05c5fdf77a85e37a39a8cd42393543e5cc329f866e226ade62cec40e1de59,both,icon glyph asset (token-colored in app),canonical source: PM / Screen / cards-drag-multiselect
pm-icon-554,assets/icons/pm-icon-554.svg,svg icon,,ParchMint design team (Penpot),exported from archive geometry; Material-aligned monochrome metaphor,included,224c74c505faa7edbed0bf93f8869dd2b15f7df251ad97944e7216d9e8b6a980,both,icon glyph asset (token-colored in app),canonical source: PM / Screen / inspector-many-metadata-fields
pm-icon-555,assets/icons/pm-icon-555.svg,svg icon,,ParchMint design team (Penpot),exported from archive geometry; Material-aligned monochrome metaphor,included,b0ac47b9d68147da3dd920e52a2661debd4f5b6f4de26ee614a301f9afc04720,both,icon glyph asset (token-colored in app),canonical source: PM / Screen / editor-same-document-two-views
pm-icon-556,assets/icons/pm-icon-556.svg,svg icon,,ParchMint design team (Penpot),exported from archive geometry; Material-aligned monochrome metaphor,included,6385901b5cff7258822f7999a9c268ec26146f3452f7e0ebfa81d76c2a45d91f,both,icon glyph asset (token-colored in app),canonical source: PM / Screen / editor-context-menu-add-comment
pm-icon-557,assets/icons/pm-icon-557.svg,svg icon,,ParchMint design team (Penpot),exported from archive geometry; Material-aligned monochrome metaphor,included,921c1a243214e2fefcbde3b8490d0da28f5c55ee10ddfc27af1b16838c6e0f48,both,icon glyph asset (token-colored in app),canonical source: PM / Screen / cards-collapsed-groups
pm-icon-558,assets/icons/pm-icon-558.svg,svg icon,,ParchMint design team (Penpot),exported from archive geometry; Material-aligned monochrome metaphor,included,9b49cbd2d95d20346c5d717fbec7a205976352a069938775caf9992987d19c0a,both,icon glyph asset (token-colored in app),canonical source: PM / Screen / explorer-context-menu-actions
pm-icon-559,assets/icons/pm-icon-559.svg,svg icon,,ParchMint design team (Penpot),exported from archive geometry; Material-aligned monochrome metaphor,included,cb64b79583f5bce6cf083c8b4485bbc986b7fef824f418ece2791a0611c59b19,both,icon glyph asset (token-colored in app),canonical source: PM / Screen / unsupported-pasted-image
pm-icon-560,assets/icons/pm-icon-560.svg,svg icon,,ParchMint design team (Penpot),exported from archive geometry; Material-aligned monochrome metaphor,included,5f05da076df717fe14482acefdc9e872ca6772ed27f7af37727f5443e2a61c2b,both,icon glyph asset (token-colored in app),canonical source: PM / Screen / editor-spellcheck-suggestions
pm-icon-561,assets/icons/pm-icon-561.svg,svg icon,,ParchMint design team (Penpot),exported from archive geometry; Material-aligned monochrome metaphor,included,c24111d6e7d0793eecdf00697ad4d197ce525502c042707494831088f2facb66,both,icon glyph asset (token-colored in app),canonical source: PM / Screen / global-replace-preview-exclusions
pm-icon-562,assets/icons/pm-icon-562.svg,svg icon,,ParchMint design team (Penpot),exported from archive geometry; Material-aligned monochrome metaphor,included,7c73312bc9c96f0940c2407c877b06c50ec1555ec59aa4c313e95afe136c549b,both,icon glyph asset (token-colored in app),canonical source: PM / Screen / search-streaming-results
pm-icon-563,assets/icons/pm-icon-563.svg,svg icon,,ParchMint design team (Penpot),exported from archive geometry; Material-aligned monochrome metaphor,included,770adf8fdfbbc5903023592fd3507487803d656dcfcdb0f7b142908ce689e398,both,icon glyph asset (token-colored in app),canonical source: PM / Screen / search-stale-deleted-results
pm-icon-564,assets/icons/pm-icon-564.svg,svg icon,,ParchMint design team (Penpot),exported from archive geometry; Material-aligned monochrome metaphor,included,40b7b6bcd112093f5344edcbea90e506299a5c12b194425e8a2fb54458e073a1,both,icon glyph asset (token-colored in app),canonical source: PM / Screen / search-no-results
pm-icon-565,assets/icons/pm-icon-565.svg,svg icon,,ParchMint design team (Penpot),exported from archive geometry; Material-aligned monochrome metaphor,included,fe39b04a37894a871632d90e1e67f90327cfaeab160953a516d5c5c82869e85d,both,icon glyph asset (token-colored in app),canonical source: PM / Screen / search-result-navigation
pm-icon-566,assets/icons/pm-icon-566.svg,svg icon,,ParchMint design team (Penpot),exported from archive geometry; Material-aligned monochrome metaphor,included,7e11b41a3158d7cf652719de3409a9b37acf53ce84d0e06c8ee74628823fd117,both,icon glyph asset (token-colored in app),canonical source: PM / Screen / search-query-entry
pm-icon-567,assets/icons/pm-icon-567.svg,svg icon,,ParchMint design team (Penpot),exported from archive geometry; Material-aligned monochrome metaphor,included,c213f7e221218a43c412b28032a3aa921e7411aa08bfe8950e20ce7f6e3382ee,both,icon glyph asset (token-colored in app),canonical source: PM / Components / Search History Project
pm-icon-568,assets/icons/pm-icon-568.svg,svg icon,,ParchMint design team (Penpot),exported from archive geometry; Material-aligned monochrome metaphor,included,4f3acfabd01ba5b0046491dfd94bb643c90f1494fd840477c17664d5810c34f7,both,icon glyph asset (token-colored in app),canonical source: PM / Screen / history-named-snapshot
pm-icon-569,assets/icons/pm-icon-569.svg,svg icon,,ParchMint design team (Penpot),exported from archive geometry; Material-aligned monochrome metaphor,included,c6142303ae1f104d44173e043979408c3018929fb4ac7b6fe6c0816f23411e90,both,icon glyph asset (token-colored in app),canonical source: PM / Screen / editor-both-sidebars-collapsed
pm-icon-570,assets/icons/pm-icon-570.svg,svg icon,,ParchMint design team (Penpot),exported from archive geometry; Material-aligned monochrome metaphor,included,76dd08a0e687ccfe18e5e702820d39b98b71c88980f2e4a880e27c9091101921,both,icon glyph asset (token-colored in app),canonical source: PM / Screen / editor-dual-manuscript-research-right-focus
pm-icon-571,assets/icons/pm-icon-571.svg,svg icon,,ParchMint design team (Penpot),exported from archive geometry; Material-aligned monochrome metaphor,included,91f620504eabde10e520ea200c9be3d0264707bcc5f4f4796a7f0b53b239233c,both,icon glyph asset (token-colored in app),canonical source: PM / Screen / recently-deleted
pm-icon-572,assets/icons/pm-icon-572.svg,svg icon,,ParchMint design team (Penpot),exported from archive geometry; Material-aligned monochrome metaphor,included,5058b77bb80d5be295ae066833228d2bbe47b95ce867bf9d4b726b28135a1ccb,both,icon glyph asset (token-colored in app),canonical source: PM / Screen / editor-local-find
pm-icon-573,assets/icons/pm-icon-573.svg,svg icon,,ParchMint design team (Penpot),exported from archive geometry; Material-aligned monochrome metaphor,included,229dcfa2168d48978b41aaaaea18e721b1e9235012d283db384874672cdded40,both,icon glyph asset (token-colored in app),canonical source: PM / Screen / export-success
pm-icon-574,assets/icons/pm-icon-574.svg,svg icon,,ParchMint design team (Penpot),exported from archive geometry; Material-aligned monochrome metaphor,included,2135eb959db3c76e1ed000c8e3ebf91bf8ac9691013dea459c2370985fb09dd5,both,icon glyph asset (token-colored in app),canonical source: PM / Screen / editor-local-find
pm-icon-575,assets/icons/pm-icon-575.svg,svg icon,,ParchMint design team (Penpot),exported from archive geometry; Material-aligned monochrome metaphor,included,9e88ea2024ce0ab207da09352c94bd2fa7220b72b64d6c2f7a2dc2e02f24fefc,both,icon glyph asset (token-colored in app),canonical source: PM / Screen / settings-delete-unused-style
pm-icon-576,assets/icons/pm-icon-576.svg,svg icon,,ParchMint design team (Penpot),exported from archive geometry; Material-aligned monochrome metaphor,included,ee703fe93f9390e8b9e107d42baf409235bdcee614dad4662bd50b5fc12d9b1b,both,icon glyph asset (token-colored in app),canonical source: PM / Screen / editor-explorer-collapsed
pm-icon-577,assets/icons/pm-icon-577.svg,svg icon,,ParchMint design team (Penpot),exported from archive geometry; Material-aligned monochrome metaphor,included,cd72702d0f66a353a7891e7406c5fdcd0149d4f911b1342bef4a77de9e4498ce,both,icon glyph asset (token-colored in app),canonical source: PM / Screen / editor-dual-two-manuscript
pm-icon-578,assets/icons/pm-icon-578.svg,svg icon,,ParchMint design team (Penpot),exported from archive geometry; Material-aligned monochrome metaphor,included,8e6878933b835036bb12e3ce0d1201bc25056c1db3cf56be74fef4af014ff7e2,both,icon glyph asset (token-colored in app),canonical source: PM / Screen / recently-deleted-fallback-location
pm-icon-579,assets/icons/pm-icon-579.svg,svg icon,,ParchMint design team (Penpot),exported from archive geometry; Material-aligned monochrome metaphor,included,ffbbb07b85a8b841f108ea25402f54a3dd6f9775ff8c5e92a525c9d3371f93f8,both,icon glyph asset (token-colored in app),canonical source: PM / Screen / editor-local-replace
pm-icon-580,assets/icons/pm-icon-580.svg,svg icon,,ParchMint design team (Penpot),exported from archive geometry; Material-aligned monochrome metaphor,included,0b184654c16dce331e63e7f553660335ef0d3ad9bc9177de39cc1df70e8b4a0b,both,icon glyph asset (token-colored in app),canonical source: PM / Screen / export-failure
pm-icon-581,assets/icons/pm-icon-581.svg,svg icon,,ParchMint design team (Penpot),exported from archive geometry; Material-aligned monochrome metaphor,included,c767ecd1ebdc649b3d530419954c97c2851c36e643524726160dcd81b65c59ef,both,icon glyph asset (token-colored in app),canonical source: PM / Components / Editor
pm-icon-582,assets/icons/pm-icon-582.svg,svg icon,,ParchMint design team (Penpot),exported from archive geometry; Material-aligned monochrome metaphor,included,589674e30f247299bbbab6cecbd8c4a18f7143733d78d74a7592c2d3e8ea261c,both,icon glyph asset (token-colored in app),canonical source: PM / Screen / editor-local-replace
pm-icon-583,assets/icons/pm-icon-583.svg,svg icon,,ParchMint design team (Penpot),exported from archive geometry; Material-aligned monochrome metaphor,included,67adfef3d2e42ee9bebc23d3fdb8a1e4070f74677b42b30aa31769d4306b577e,both,icon glyph asset (token-colored in app),canonical source: PM / Screen / history-session-date-grouped
pm-icon-584,assets/icons/pm-icon-584.svg,svg icon,,ParchMint design team (Penpot),exported from archive geometry; Material-aligned monochrome metaphor,included,263a52b4b69388d802d2e39db2ce24163ced3e99babb8514e9d29c958937734b,both,icon glyph asset (token-colored in app),canonical source: PM / Screen / editor-single-default
pm-icon-585,assets/icons/pm-icon-585.svg,svg icon,,ParchMint design team (Penpot),exported from archive geometry; Material-aligned monochrome metaphor,included,0620defdaaa4cae243c1cb23c2c230dc785749b73cda1816581341579e3104fa,both,icon glyph asset (token-colored in app),canonical source: PM / Screen / export-entire-manuscript
pm-icon-586,assets/icons/pm-icon-586.svg,svg icon,,ParchMint design team (Penpot),exported from archive geometry; Material-aligned monochrome metaphor,included,16ac0a754ddd8e573178c07f17700af49ba7da54c553680b85d5ce5171b777f6,both,icon glyph asset (token-colored in app),canonical source: PM / Screen / editor-dual-manuscript-research-left-focus
pm-icon-587,assets/icons/pm-icon-587.svg,svg icon,,ParchMint design team (Penpot),exported from archive geometry; Material-aligned monochrome metaphor,included,0b19ffb045e0f45d6517e6dae4b95f5a00ee6f2f4e7c66c1c400f46d15eacdd9,both,icon glyph asset (token-colored in app),canonical source: PM / Prototype Terminal / save-failure-retry / editor-saved
pm-icon-588,assets/icons/pm-icon-588.svg,svg icon,,ParchMint design team (Penpot),exported from archive geometry; Material-aligned monochrome metaphor,included,0fcf022035474895c27ae81f884bc60f26d2c4b2b03a2fdc85ca9708878f8daa,both,icon glyph asset (token-colored in app),canonical source: PM / Screen / editor-semantic-content-and-breaks
pm-icon-589,assets/icons/pm-icon-589.svg,svg icon,,ParchMint design team (Penpot),exported from archive geometry; Material-aligned monochrome metaphor,included,4ffa2d85159879e1400954c76d5552e0dde52cf2934e40821b92994c4c7b4fdb,both,icon glyph asset (token-colored in app),canonical source: PM / Prototype Terminal / cards-and-organize / editor-return
pm-icon-590,assets/icons/pm-icon-590.svg,svg icon,,ParchMint design team (Penpot),exported from archive geometry; Material-aligned monochrome metaphor,included,be5ba37f702e428cc137728cb96372afe132a0c38a35127168b02a4fb0cbcf4f,both,icon glyph asset (token-colored in app),canonical source: PM / Screen / history-restore-checkpoint
pm-icon-591,assets/icons/pm-icon-591.svg,svg icon,,ParchMint design team (Penpot),exported from archive geometry; Material-aligned monochrome metaphor,included,3667b0abfad55011c256d52e457d57d3d6b3a3c68ca90b61aa8e353132e9389d,both,icon glyph asset (token-colored in app),canonical source: PM / Screen / editor-long-comments
pm-icon-592,assets/icons/pm-icon-592.svg,svg icon,,ParchMint design team (Penpot),exported from archive geometry; Material-aligned monochrome metaphor,included,af29a95764377654870a497607bc853bd182870001235070d117016a592a0113,both,icon glyph asset (token-colored in app),canonical source: PM / Screen / export-numbering
pm-icon-593,assets/icons/pm-icon-593.svg,svg icon,,ParchMint design team (Penpot),exported from archive geometry; Material-aligned monochrome metaphor,included,98ab26fe60b9438d8ab53944c1540069479df37633e510918f48b19efbb20d03,both,icon glyph asset (token-colored in app),canonical source: PM / Prototype Terminal / create-and-write / editor-ready
pm-icon-594,assets/icons/pm-icon-594.svg,svg icon,,ParchMint design team (Penpot),exported from archive geometry; Material-aligned monochrome metaphor,included,46c6359bb68322019b246a0bd0e9fe898385d85d2adb4c939c85908bb8a61b50,both,icon glyph asset (token-colored in app),canonical source: PM / Screen / settings-replace-in-use-style
pm-icon-595,assets/icons/pm-icon-595.svg,svg icon,,ParchMint design team (Penpot),exported from archive geometry; Material-aligned monochrome metaphor,included,51bb5a5db9f83b529f5be262d8189ca79ca571a8d42cf86b59e06f365678312a,both,icon glyph asset (token-colored in app),canonical source: PM / Screen / editor-inspector-collapsed
pm-icon-596,assets/icons/pm-icon-596.svg,svg icon,,ParchMint design team (Penpot),exported from archive geometry; Material-aligned monochrome metaphor,included,f31c7e24797d20b1964180ffaf9d7531a1c2f4f3c1202fd8a2d51f767cccf30c,both,icon glyph asset (token-colored in app),canonical source: PM / Screen / export-project-output-controls
pm-icon-597,assets/icons/pm-icon-597.svg,svg icon,,ParchMint design team (Penpot),exported from archive geometry; Material-aligned monochrome metaphor,included,62e2c890e4a78952c70696c8922ce7f4082677b7c850d18165c75cb74bb628e1,both,icon glyph asset (token-colored in app),canonical source: PM / Screen / editor-same-document-two-views
pm-icon-598,assets/icons/pm-icon-598.svg,svg icon,,ParchMint design team (Penpot),exported from archive geometry; Material-aligned monochrome metaphor,included,699824827420ca4fa155b7dd6342dd697799691b37d89eb530e40583e9c9d303,both,icon glyph asset (token-colored in app),canonical source: PM / Screen / editor-context-menu-add-comment
pm-icon-599,assets/icons/pm-icon-599.svg,svg icon,,ParchMint design team (Penpot),exported from archive geometry; Material-aligned monochrome metaphor,included,7409808256a47bebf1c5efeeafa2e351f8d7b473e8b8a7a1eb460b36a8944f43,both,icon glyph asset (token-colored in app),canonical source: PM / Screen / settings-appearance-dark-override
pm-icon-600,assets/icons/pm-icon-600.svg,svg icon,,ParchMint design team (Penpot),exported from archive geometry; Material-aligned monochrome metaphor,included,4842399df6f3026e9f6f2d8db43897dd9fba163fdda343923140e1f3b978cdd5,both,icon glyph asset (token-colored in app),canonical source: PM / Screen / cards-drag-multiselect
pm-icon-601,assets/icons/pm-icon-601.svg,svg icon,,ParchMint design team (Penpot),exported from archive geometry; Material-aligned monochrome metaphor,included,1d4a442bbc8b72280c6376e363747e36da175c56262aeb7906fe6f86f61c4607,both,icon glyph asset (token-colored in app),canonical source: PM / Screen / unsupported-pasted-image
pm-icon-602,assets/icons/pm-icon-602.svg,svg icon,,ParchMint design team (Penpot),exported from archive geometry; Material-aligned monochrome metaphor,included,4dfb5f902413634b34e74159727d886a580671f630c547030e0314ee05039898,both,icon glyph asset (token-colored in app),canonical source: PM / Screen / explorer-context-menu-actions
pm-icon-603,assets/icons/pm-icon-603.svg,svg icon,,ParchMint design team (Penpot),exported from archive geometry; Material-aligned monochrome metaphor,included,34283f7d009775cc28cbbd64043928af2e954d10c320d1d9d1d3c821de73f451,both,icon glyph asset (token-colored in app),canonical source: PM / Screen / settings-appearance-light-override
pm-icon-604,assets/icons/pm-icon-604.svg,svg icon,,ParchMint design team (Penpot),exported from archive geometry; Material-aligned monochrome metaphor,included,d57debf717379ab8b2079aba3a3c1d1eb7e67e16813156716876d776937ece87,both,icon glyph asset (token-colored in app),canonical source: PM / Screen / empty-manuscript-research-roots
pm-icon-605,assets/icons/pm-icon-605.svg,svg icon,,ParchMint design team (Penpot),exported from archive geometry; Material-aligned monochrome metaphor,included,4241efa359b506ccd93efd9ee7080bb28c65aec87944c5b2cb31515cd688f74a,both,icon glyph asset (token-colored in app),canonical source: PM / Screen / editor-spellcheck-suggestions
pm-icon-606,assets/icons/pm-icon-606.svg,svg icon,,ParchMint design team (Penpot),exported from archive geometry; Material-aligned monochrome metaphor,included,5ef365acad076cdbf1a8c1a148843001246f2827cdcef2e6084fab3e3559fdbf,both,icon glyph asset (token-colored in app),"canonical source: PM / Components / Workspace, Menus & Dictionaries"
pm-icon-607,assets/icons/pm-icon-607.svg,svg icon,,ParchMint design team (Penpot),exported from archive geometry; Material-aligned monochrome metaphor,included,f47579d3d1235778bddb5f29f743b06c00474e8547700daaef3d531d3f1f5208,both,icon glyph asset (token-colored in app),"canonical source: PM / Components / Workspace, Menus & Dictionaries"
pm-icon-608,assets/icons/pm-icon-608.svg,svg icon,,ParchMint design team (Penpot),exported from archive geometry; Material-aligned monochrome metaphor,included,32b5e3592a161260b72c76ed74fafe1c3b0ef82fa00ded8b0db10ab4b4bd0149,both,icon glyph asset (token-colored in app),"canonical source: PM / Components / Workspace, Menus & Dictionaries"
pm-icon-609,assets/icons/pm-icon-609.svg,svg icon,,ParchMint design team (Penpot),exported from archive geometry; Material-aligned monochrome metaphor,included,a4e19bcf38912bf7e10f6804c9a9fe416d2955387c267f24c92c2fcaff121ab9,both,icon glyph asset (token-colored in app),"canonical source: PM / Components / Workspace, Menus & Dictionaries"
pm-icon-610,assets/icons/pm-icon-610.svg,svg icon,,ParchMint design team (Penpot),exported from archive geometry; Material-aligned monochrome metaphor,included,91a8e7678f872ebcf22b5c1f6dd8777c94b27062dac84b1dd473f38262b484f1,both,icon glyph asset (token-colored in app),"canonical source: PM / Components / Workspace, Menus & Dictionaries"
pm-icon-611,assets/icons/pm-icon-611.svg,svg icon,,ParchMint design team (Penpot),exported from archive geometry; Material-aligned monochrome metaphor,included,70e3681287eedb8a6c655523064428ed637528cb6b7ec3d7485a9bc9f4debbb2,both,icon glyph asset (token-colored in app),"canonical source: PM / Components / Workspace, Menus & Dictionaries"
pm-icon-612,assets/icons/pm-icon-612.svg,svg icon,,ParchMint design team (Penpot),exported from archive geometry; Material-aligned monochrome metaphor,included,81b94fe2e566d26ec422b4aca1e886f267b06eaf2d406bf585f309a4c30dbb34,both,icon glyph asset (token-colored in app),canonical source: PM / Screen / editor-dual-manuscript-research-right-focus
pm-icon-613,assets/icons/pm-icon-613.svg,svg icon,,ParchMint design team (Penpot),exported from archive geometry; Material-aligned monochrome metaphor,included,9a83919c741a2b9494ee0bbf7f33321f81011673d3ffd8460b14c8a7f0793fc1,both,icon glyph asset (token-colored in app),canonical source: PM / Screen / history-named-snapshot
pm-icon-614,assets/icons/pm-icon-614.svg,svg icon,,ParchMint design team (Penpot),exported from archive geometry; Material-aligned monochrome metaphor,included,dfe9f956ad1822d671cc670c2462a2a57aa2e97199f7c70920619e9d5a806776,both,icon glyph asset (token-colored in app),canonical source: PM / Screen / editor-both-sidebars-collapsed
pm-icon-615,assets/icons/pm-icon-615.svg,svg icon,,ParchMint design team (Penpot),exported from archive geometry; Material-aligned monochrome metaphor,included,0948b1075f7a34794a319069b3172bf963ae935927571510c42d4ff111fdc80c,both,icon glyph asset (token-colored in app),canonical source: PM / Screen / editor-local-find
pm-icon-616,assets/icons/pm-icon-616.svg,svg icon,,ParchMint design team (Penpot),exported from archive geometry; Material-aligned monochrome metaphor,included,4f35437d2abb07ba242680bbf97cfa409d22942c18a21cb762ee2e34458623df,both,icon glyph asset (token-colored in app),canonical source: PM / Screen / recently-deleted
pm-icon-617,assets/icons/pm-icon-617.svg,svg icon,,ParchMint design team (Penpot),exported from archive geometry; Material-aligned monochrome metaphor,included,78599b121f3375be9d21ae05e8063695f41383fd18335e033e05fc9c0467dc7e,both,icon glyph asset (token-colored in app),canonical source: PM / Screen / export-success
pm-icon-618,assets/icons/pm-icon-618.svg,svg icon,,ParchMint design team (Penpot),exported from archive geometry; Material-aligned monochrome metaphor,included,a9cb969826dfc881cf0145221badb311dbcaf5ddeb20d38bd8a3d82f35bc8dca,both,icon glyph asset (token-colored in app),canonical source: PM / Screen / editor-dual-two-manuscript
pm-icon-619,assets/icons/pm-icon-619.svg,svg icon,,ParchMint design team (Penpot),exported from archive geometry; Material-aligned monochrome metaphor,included,b423004a3f3f3043b13dd744455af7ed18092e4dcb22f7d30ee3457f61d2d1a6,both,icon glyph asset (token-colored in app),canonical source: PM / Screen / export-progress
pm-icon-620,assets/icons/pm-icon-620.svg,svg icon,,ParchMint design team (Penpot),exported from archive geometry; Material-aligned monochrome metaphor,included,ce721d670050b1a298ca46b40155fc75b64fe0c2765901e855226c1bd4ab174b,both,icon glyph asset (token-colored in app),canonical source: PM / Screen / settings-delete-unused-style
pm-icon-621,assets/icons/pm-icon-621.svg,svg icon,,ParchMint design team (Penpot),exported from archive geometry; Material-aligned monochrome metaphor,included,5683eccb66d28c5cdeac32c5833aa98bae46431e22ff1698f7bbcf85e7df3a4e,both,icon glyph asset (token-colored in app),canonical source: PM / Screen / editor-explorer-collapsed
pm-icon-622,assets/icons/pm-icon-622.svg,svg icon,,ParchMint design team (Penpot),exported from archive geometry; Material-aligned monochrome metaphor,included,d4a4f45c05b228746c1791d690091a093a15e04cb8215f6f8d9a672034b5fb6c,both,icon glyph asset (token-colored in app),canonical source: PM / Screen / editor-local-replace
pm-icon-623,assets/icons/pm-icon-623.svg,svg icon,,ParchMint design team (Penpot),exported from archive geometry; Material-aligned monochrome metaphor,included,deda039e0c7e0eacc8f507f58f6201dfbf189d0f7f7d3c24035836874f00d91d,both,icon glyph asset (token-colored in app),canonical source: PM / Screen / recently-deleted-fallback-location
pm-icon-624,assets/icons/pm-icon-624.svg,svg icon,,ParchMint design team (Penpot),exported from archive geometry; Material-aligned monochrome metaphor,included,a91a340c841ca51099680310beadaf2514adf4c698b483bf749df2ff112db679,both,icon glyph asset (token-colored in app),canonical source: PM / Screen / export-failure
pm-icon-625,assets/icons/pm-icon-625.svg,svg icon,,ParchMint design team (Penpot),exported from archive geometry; Material-aligned monochrome metaphor,included,74aa82b15cc9a770009fe6db57060eaa620dc362de48ebc25276eb178ea6af4b,both,icon glyph asset (token-colored in app),canonical source: PM / Prototype Terminal / create-and-write / editor-ready
pm-icon-626,assets/icons/pm-icon-626.svg,svg icon,,ParchMint design team (Penpot),exported from archive geometry; Material-aligned monochrome metaphor,included,64716b6a63da8547f3020407fc2df6bad478176f2c1bbf354b4444dbd61e575f,both,icon glyph asset (token-colored in app),canonical source: PM / Screen / editor-dual-manuscript-research-left-focus
pm-icon-627,assets/icons/pm-icon-627.svg,svg icon,,ParchMint design team (Penpot),exported from archive geometry; Material-aligned monochrome metaphor,included,1f85dec90558127c9875cce17d0be6255abd357c8856539744030000f733b951,both,icon glyph asset (token-colored in app),canonical source: PM / Screen / history-session-date-grouped
pm-icon-628,assets/icons/pm-icon-628.svg,svg icon,,ParchMint design team (Penpot),exported from archive geometry; Material-aligned monochrome metaphor,included,143bdab048002431ab8ae06f0a9f1783e63ce24bffa6dbd2ad6a70c4f2a6a8c0,both,icon glyph asset (token-colored in app),canonical source: PM / Screen / export-entire-manuscript
pm-icon-629,assets/icons/pm-icon-629.svg,svg icon,,ParchMint design team (Penpot),exported from archive geometry; Material-aligned monochrome metaphor,included,8d81bc189707bbe13b2c0ec1372f68a3f6108805bb8b91c7134426e038ba1a21,both,icon glyph asset (token-colored in app),canonical source: PM / Screen / editor-single-default
pm-icon-630,assets/icons/pm-icon-630.svg,svg icon,,ParchMint design team (Penpot),exported from archive geometry; Material-aligned monochrome metaphor,included,af2d7cb1a577d496b783de51175cf44ceb503dbe6a267f30b5d0e9007d9d4507,both,icon glyph asset (token-colored in app),canonical source: PM / Prototype Terminal / save-failure-retry / editor-saved
pm-icon-631,assets/icons/pm-icon-631.svg,svg icon,,ParchMint design team (Penpot),exported from archive geometry; Material-aligned monochrome metaphor,included,49b696db2d048355a95fac3b0723bd0d397a20af9e5e1e89bfe2f86c94e3a0d6,both,icon glyph asset (token-colored in app),canonical source: PM / Screen / editor-semantic-content-and-breaks
pm-icon-632,assets/icons/pm-icon-632.svg,svg icon,,ParchMint design team (Penpot),exported from archive geometry; Material-aligned monochrome metaphor,included,dc2ab1ff178f890b34fb52d2725e4db3cbd65b2dcb92e1318e7c200f6fa4327a,both,icon glyph asset (token-colored in app),canonical source: PM / Prototype Terminal / cards-and-organize / editor-return
pm-icon-633,assets/icons/pm-icon-633.svg,svg icon,,ParchMint design team (Penpot),exported from archive geometry; Material-aligned monochrome metaphor,included,1037c0376fe7f01a61331143ef18b745467f616a2ced47b85c8fd2a1e72c65f9,both,icon glyph asset (token-colored in app),canonical source: PM / Screen / editor-long-comments
pm-icon-634,assets/icons/pm-icon-634.svg,svg icon,,ParchMint design team (Penpot),exported from archive geometry; Material-aligned monochrome metaphor,included,3628394af7818b05013c26eccbf59288d5438662843fcdbcbf66a912ca5fd2e7,both,icon glyph asset (token-colored in app),canonical source: PM / Screen / history-restore-checkpoint
pm-icon-635,assets/icons/pm-icon-635.svg,svg icon,,ParchMint design team (Penpot),exported from archive geometry; Material-aligned monochrome metaphor,included,53f67ade295e4a78cc4a8d57cd5c2853fa47bc24f7a0cba878b7afebaf9346d8,both,icon glyph asset (token-colored in app),canonical source: PM / Screen / export-numbering
pm-icon-636,assets/icons/pm-icon-636.svg,svg icon,,ParchMint design team (Penpot),exported from archive geometry; Material-aligned monochrome metaphor,included,bda4e7d7ea4e5356e37fdbecba5c78a3b2c7812f529641acc3ab8bc70443d015,both,icon glyph asset (token-colored in app),canonical source: PM / Screen / editor-same-document-two-views
pm-icon-637,assets/icons/pm-icon-637.svg,svg icon,,ParchMint design team (Penpot),exported from archive geometry; Material-aligned monochrome metaphor,included,4391eaf048132a78302d49cde4039fb613bb8677fbba0bda126074133197e961,both,icon glyph asset (token-colored in app),canonical source: PM / Screen / settings-replace-in-use-style
pm-icon-638,assets/icons/pm-icon-638.svg,svg icon,,ParchMint design team (Penpot),exported from archive geometry; Material-aligned monochrome metaphor,included,595ea3f55eb4381352c1b369b073588960a454c14ae69f144dae73408acd096c,both,icon glyph asset (token-colored in app),canonical source: PM / Screen / export-project-output-controls
pm-icon-639,assets/icons/pm-icon-639.svg,svg icon,,ParchMint design team (Penpot),exported from archive geometry; Material-aligned monochrome metaphor,included,5332d6d094e488f3e497057963fa7bef25a465c53989f5eba40f632245dd0e6c,both,icon glyph asset (token-colored in app),canonical source: PM / Screen / editor-inspector-collapsed
pm-icon-640,assets/icons/pm-icon-640.svg,svg icon,,ParchMint design team (Penpot),exported from archive geometry; Material-aligned monochrome metaphor,included,fb17a0ca099c5beecf903c3091c00be2fdcdbc10a213c6df0678d15f7c2d3d12,both,icon glyph asset (token-colored in app),canonical source: PM / Screen / editor-context-menu-add-comment
pm-icon-641,assets/icons/pm-icon-641.svg,svg icon,,ParchMint design team (Penpot),exported from archive geometry; Material-aligned monochrome metaphor,included,38512b0408ef2331c93a7bc6e0eb80ff3adb8fcf7be0160df51303a19395b728,both,icon glyph asset (token-colored in app),canonical source: PM / Screen / cards-drag-multiselect
pm-icon-642,assets/icons/pm-icon-642.svg,svg icon,,ParchMint design team (Penpot),exported from archive geometry; Material-aligned monochrome metaphor,included,6d02d1264467841608622eeac9956b5ad890327121f90a2191985772fd5679c2,both,icon glyph asset (token-colored in app),canonical source: PM / Screen / settings-appearance-dark-override
pm-icon-643,assets/icons/pm-icon-643.svg,svg icon,,ParchMint design team (Penpot),exported from archive geometry; Material-aligned monochrome metaphor,included,af502b5ff19ce0bbbdaae3a8fa7e65aa59c3c96962f2a861792041cc81cab728,both,icon glyph asset (token-colored in app),canonical source: PM / Screen / unsupported-pasted-image
pm-icon-644,assets/icons/pm-icon-644.svg,svg icon,,ParchMint design team (Penpot),exported from archive geometry; Material-aligned monochrome metaphor,included,de5521b0e6375817ad1cea2b35089890fe64290b62aad3dd8e1368f94036457b,both,icon glyph asset (token-colored in app),canonical source: PM / Screen / explorer-context-menu-actions
pm-icon-645,assets/icons/pm-icon-645.svg,svg icon,,ParchMint design team (Penpot),exported from archive geometry; Material-aligned monochrome metaphor,included,e6372686856df3a45e253dcfb2f05d063c180fcb02020c9ccaeea1eabcb230b3,both,icon glyph asset (token-colored in app),canonical source: PM / Screen / empty-manuscript-research-roots
pm-icon-646,assets/icons/pm-icon-646.svg,svg icon,,ParchMint design team (Penpot),exported from archive geometry; Material-aligned monochrome metaphor,included,3fbb32d01bc9accc8664de17b3fb3869c424eb9112db5d77109e3567050590ae,both,icon glyph asset (token-colored in app),canonical source: PM / Screen / settings-appearance-light-override
pm-icon-647,assets/icons/pm-icon-647.svg,svg icon,,ParchMint design team (Penpot),exported from archive geometry; Material-aligned monochrome metaphor,included,85fc029272d2617106a2c49dbc66ce18cb65ed531667f0be25caecc8994cc069,both,icon glyph asset (token-colored in app),canonical source: PM / Screen / editor-spellcheck-suggestions
pm-icon-648,assets/icons/pm-icon-648.svg,svg icon,,ParchMint design team (Penpot),exported from archive geometry; Material-aligned monochrome metaphor,included,c2db71843aecd9bd0f81601925305483ef7e0f08f49d1097b5da3c6670269d62,both,icon glyph asset (token-colored in app),"canonical source: PM / Components / Workspace, Menus & Dictionaries"
pm-icon-649,assets/icons/pm-icon-649.svg,svg icon,,ParchMint design team (Penpot),exported from archive geometry; Material-aligned monochrome metaphor,included,1e17cf5fcf20311743b968829d55af4b0e67aab01981966b0d5bb19615414309,both,icon glyph asset (token-colored in app),"canonical source: PM / Components / Workspace, Menus & Dictionaries"
pm-icon-650,assets/icons/pm-icon-650.svg,svg icon,,ParchMint design team (Penpot),exported from archive geometry; Material-aligned monochrome metaphor,included,4231783009d5c5754343481157ed453042ced59eb7818c2123245e2865032668,both,icon glyph asset (token-colored in app),"canonical source: PM / Components / Workspace, Menus & Dictionaries"
pm-icon-651,assets/icons/pm-icon-651.svg,svg icon,,ParchMint design team (Penpot),exported from archive geometry; Material-aligned monochrome metaphor,included,7735e5301d3c4f7194583fa7df9d5c77e929fa143211cefcbf39f1425b06b7bd,both,icon glyph asset (token-colored in app),"canonical source: PM / Components / Workspace, Menus & Dictionaries"
pm-icon-652,assets/icons/pm-icon-652.svg,svg icon,,ParchMint design team (Penpot),exported from archive geometry; Material-aligned monochrome metaphor,included,8212ad4e26a00b5f309b549bb227a5c9684f2127cf9b17c573f230b3b9064c89,both,icon glyph asset (token-colored in app),"canonical source: PM / Components / Workspace, Menus & Dictionaries"
pm-icon-653,assets/icons/pm-icon-653.svg,svg icon,,ParchMint design team (Penpot),exported from archive geometry; Material-aligned monochrome metaphor,included,5480129dab65c830c4566295b153f6d7cf15f61aebde4c3b035f1f57ff613029,both,icon glyph asset (token-colored in app),"canonical source: PM / Components / Workspace, Menus & Dictionaries"
pm-icon-654,assets/icons/pm-icon-654.svg,svg icon,,ParchMint design team (Penpot),exported from archive geometry; Material-aligned monochrome metaphor,included,df30aded84e92564d63b26863bcb1baef787b68c18f9abbff2ac1ce970b39ab4,both,icon glyph asset (token-colored in app),canonical source: PM / Screen / editor-local-find
pm-icon-655,assets/icons/pm-icon-655.svg,svg icon,,ParchMint design team (Penpot),exported from archive geometry; Material-aligned monochrome metaphor,included,d8e936889e511ed87344706f96d58cc52a50cefa0ce03f0d109cccecc8f17b29,both,icon glyph asset (token-colored in app),canonical source: PM / Components / Editor
pm-icon-656,assets/icons/pm-icon-656.svg,svg icon,,ParchMint design team (Penpot),exported from archive geometry; Material-aligned monochrome metaphor,included,0e157996b6c18a7f2a46dde25f80f07afb850c8bbf6a60f0537f2b6dc6b9c34a,both,icon glyph asset (token-colored in app),canonical source: PM / Screen / editor-local-replace
pm-icon-657,assets/icons/pm-icon-657.svg,svg icon,,ParchMint design team (Penpot),exported from archive geometry; Material-aligned monochrome metaphor,included,693d748b189944b6938a250f34d933e5f39cd37d8768ec96d94f3e511789784e,both,icon glyph asset (token-colored in app),canonical source: PM / Screen / export-success
pm-icon-658,assets/icons/pm-icon-658.svg,svg icon,,ParchMint design team (Penpot),exported from archive geometry; Material-aligned monochrome metaphor,included,ad9643e363e3b50ad3aa70d16658627bf1a7cde05f201958dbf26b3e0786b15d,both,icon glyph asset (token-colored in app),canonical source: PM / Screen / editor-local-find
pm-icon-659,assets/icons/pm-icon-659.svg,svg icon,,ParchMint design team (Penpot),exported from archive geometry; Material-aligned monochrome metaphor,included,cd4fa58692995910347bf77fef6221aa5f9bcc42c282979d5375a0743776d5de,both,icon glyph asset (token-colored in app),canonical source: PM / Screen / editor-dual-manuscript-research-right-focus
pm-icon-660,assets/icons/pm-icon-660.svg,svg icon,,ParchMint design team (Penpot),exported from archive geometry; Material-aligned monochrome metaphor,included,93e4d2336224c8d12356629b95f11bef93bda79b8972832857c5c271f88cd0c6,both,icon glyph asset (token-colored in app),canonical source: PM / Screen / editor-both-sidebars-collapsed
pm-icon-661,assets/icons/pm-icon-661.svg,svg icon,,ParchMint design team (Penpot),exported from archive geometry; Material-aligned monochrome metaphor,included,0598017bd4daf69ee1cc4158826c273c117d70c1d97db89843e0af6bd0c2537c,both,icon glyph asset (token-colored in app),canonical source: PM / Components / Shell & Explorer
pm-icon-662,assets/icons/pm-icon-662.svg,svg icon,,ParchMint design team (Penpot),exported from archive geometry; Material-aligned monochrome metaphor,included,5658270106d0849bf85a6293f035ac27b713a90bc3e131af295fb45068a6a239,both,icon glyph asset (token-colored in app),canonical source: PM / Screen / global-replace-preview-exclusions
pm-icon-663,assets/icons/pm-icon-663.svg,svg icon,,ParchMint design team (Penpot),exported from archive geometry; Material-aligned monochrome metaphor,included,8d19ae68702994a64ed53aab05117ef767afbc513a7c804f994fb1c581e363f9,both,icon glyph asset (token-colored in app),canonical source: PM / Screen / global-replace-preview-exclusions
pm-icon-664,assets/icons/pm-icon-664.svg,svg icon,,ParchMint design team (Penpot),exported from archive geometry; Material-aligned monochrome metaphor,included,bf9c42a509f0880187b315a2a5e5974a0ddb7aaf41111541b08eb305cf1c91ea,both,icon glyph asset (token-colored in app),canonical source: PM / Screen / export-numbering
pm-icon-665,assets/icons/pm-icon-665.svg,svg icon,,ParchMint design team (Penpot),exported from archive geometry; Material-aligned monochrome metaphor,included,be8400d7393640a250fd40bc7788203ecdd109a87a2af7c9d792b0be989115e1,both,icon glyph asset (token-colored in app),canonical source: PM / Screen / export-entire-manuscript
pm-icon-666,assets/icons/pm-icon-666.svg,svg icon,,ParchMint design team (Penpot),exported from archive geometry; Material-aligned monochrome metaphor,included,3f3d918a5510e5cd6ee657944705f46666016ac8dfb1fd502fcd8747e725529c,both,icon glyph asset (token-colored in app),canonical source: PM / Screen / global-replace-preview-exclusions
pm-icon-667,assets/icons/pm-icon-667.svg,svg icon,,ParchMint design team (Penpot),exported from archive geometry; Material-aligned monochrome metaphor,included,06f977c3bf0148d9b09414e0402f5edba9f8e480a5f5c1f18ce517872c3a2df1,both,icon glyph asset (token-colored in app),canonical source: PM / Screen / global-replace-preview-exclusions
pm-icon-668,assets/icons/pm-icon-668.svg,svg icon,,ParchMint design team (Penpot),exported from archive geometry; Material-aligned monochrome metaphor,included,9a7d8655c73d47d74cac0ec2ce5d38a333d8d8fe72d57dd8630cf971815fd74c,both,icon glyph asset (token-colored in app),canonical source: PM / Screen / global-replace-preview-exclusions
pm-icon-669,assets/icons/pm-icon-669.svg,svg icon,,ParchMint design team (Penpot),exported from archive geometry; Material-aligned monochrome metaphor,included,d46e0eb8fc7a10f22a46cb45d36e6f68251ef800ca059710aee8185cdecc8948,both,icon glyph asset (token-colored in app),canonical source: PM / Screen / global-replace-preview-exclusions
pm-icon-670,assets/icons/pm-icon-670.svg,svg icon,,ParchMint design team (Penpot),exported from archive geometry; Material-aligned monochrome metaphor,included,f7e62cb3d822c74302614bba7b47ea204e97061979ed6d21324b87ff32098a09,both,icon glyph asset (token-colored in app),canonical source: PM / Screen / global-replace-preview-exclusions
pm-icon-671,assets/icons/pm-icon-671.svg,svg icon,,ParchMint design team (Penpot),exported from archive geometry; Material-aligned monochrome metaphor,included,7196680d82abdcf8c4d977407273d36891387f5c2d7c5eafca2f504c0724ecce,both,icon glyph asset (token-colored in app),canonical source: PM / Screen / global-replace-preview-exclusions
pm-icon-672,assets/icons/pm-icon-672.svg,svg icon,,ParchMint design team (Penpot),exported from archive geometry; Material-aligned monochrome metaphor,included,99205d5458ecd6ff766f7baccae8afb82a9b5d554145135685e469ccd3f3a412,both,icon glyph asset (token-colored in app),canonical source: PM / Screen / global-replace-preview-exclusions
pm-icon-673,assets/icons/pm-icon-673.svg,svg icon,,ParchMint design team (Penpot),exported from archive geometry; Material-aligned monochrome metaphor,included,291f2e6bde5b65bdf30ca1e2ee00beb7d6c713b83fb1ec8aaa044bd668455397,both,icon glyph asset (token-colored in app),canonical source: PM / Screen / editor-long-comments
pm-icon-674,assets/icons/pm-icon-674.svg,svg icon,,ParchMint design team (Penpot),exported from archive geometry; Material-aligned monochrome metaphor,included,f75c04252c0fc974d175ff30b203057a2b800b3476f0e8f88d0fe1f438b75177,both,icon glyph asset (token-colored in app),canonical source: PM / Prototype Terminal / create-and-write / editor-ready
pm-icon-675,assets/icons/pm-icon-675.svg,svg icon,,ParchMint design team (Penpot),exported from archive geometry; Material-aligned monochrome metaphor,included,086e9e51c91fe9668407c80348247642d9ef9725207da74d7116f7beb4c6af15,both,icon glyph asset (token-colored in app),canonical source: PM / Screen / editor-dual-manuscript-research-left-focus
pm-icon-676,assets/icons/pm-icon-676.svg,svg icon,,ParchMint design team (Penpot),exported from archive geometry; Material-aligned monochrome metaphor,included,47d439669b35a2a3d1034b380fdb44d05b6d698925f8e99682b456eb55c80fe6,both,icon glyph asset (token-colored in app),canonical source: PM / Prototype Terminal / save-failure-retry / editor-saved
pm-icon-677,assets/icons/pm-icon-677.svg,svg icon,,ParchMint design team (Penpot),exported from archive geometry; Material-aligned monochrome metaphor,included,fc2b538e397f6fa54b87f49a6236fe5fb6d462008c748a32f3acf1815b5b5f58,both,icon glyph asset (token-colored in app),canonical source: PM / Screen / editor-semantic-content-and-breaks
pm-icon-678,assets/icons/pm-icon-678.svg,svg icon,,ParchMint design team (Penpot),exported from archive geometry; Material-aligned monochrome metaphor,included,0bcd1d4791c23ba141903f82cfbb38dff8040526b7a475d556ccc305d033c5b7,both,icon glyph asset (token-colored in app),canonical source: PM / Prototype Terminal / cards-and-organize / editor-return
pm-icon-679,assets/icons/pm-icon-679.svg,svg icon,,ParchMint design team (Penpot),exported from archive geometry; Material-aligned monochrome metaphor,included,ef4cda800ab7da2a3cc4ae1261c440b1acd95f76c113659e0f1fb15fa8464766,both,icon glyph asset (token-colored in app),canonical source: PM / Screen / editor-single-default
pm-icon-680,assets/icons/pm-icon-680.svg,svg icon,,ParchMint design team (Penpot),exported from archive geometry; Material-aligned monochrome metaphor,included,f77690d040ad072fe9aa74b9edaf6820d4c4df133801a221b354cda559e6c12d,both,icon glyph asset (token-colored in app),canonical source: PM / Screen / export-failure
pm-icon-681,assets/icons/pm-icon-681.svg,svg icon,,ParchMint design team (Penpot),exported from archive geometry; Material-aligned monochrome metaphor,included,9c06873df545c6419f9ad35148e0322f561b0451680553ae584b60dcec9a251c,both,icon glyph asset (token-colored in app),canonical source: PM / Screen / export-progress
pm-icon-682,assets/icons/pm-icon-682.svg,svg icon,,ParchMint design team (Penpot),exported from archive geometry; Material-aligned monochrome metaphor,included,b2172511339577b4168ca2b082d81957df80c3dfe67ae858133c5395a8805030,both,icon glyph asset (token-colored in app),canonical source: PM / Screen / editor-local-replace
pm-icon-683,assets/icons/pm-icon-683.svg,svg icon,,ParchMint design team (Penpot),exported from archive geometry; Material-aligned monochrome metaphor,included,c6abe6ea7809a27a3757de67519285e38e214f1714c5f96d8ff0e566fb0e63e1,both,icon glyph asset (token-colored in app),canonical source: PM / Screen / editor-dual-two-manuscript
pm-icon-684,assets/icons/pm-icon-684.svg,svg icon,,ParchMint design team (Penpot),exported from archive geometry; Material-aligned monochrome metaphor,included,1f297d67749c7036b317f2a76c1e28626f3a04eace047baee103132720313c89,both,icon glyph asset (token-colored in app),canonical source: PM / Screen / editor-explorer-collapsed
pm-icon-685,assets/icons/pm-icon-685.svg,svg icon,,ParchMint design team (Penpot),exported from archive geometry; Material-aligned monochrome metaphor,included,e577938e5a0aa44ba838772f6d946875c18fe54a4bd0d9718a39e36ad35d690d,both,icon glyph asset (token-colored in app),canonical source: PM / Screen / export-project-output-controls
pm-icon-686,assets/icons/pm-icon-686.svg,svg icon,,ParchMint design team (Penpot),exported from archive geometry; Material-aligned monochrome metaphor,included,23acd7feaa908a88424aca93ee79a8b4a5b063c21539235ca761b37e25c3f7f4,both,icon glyph asset (token-colored in app),canonical source: PM / Screen / cards-drag-multiselect
pm-icon-687,assets/icons/pm-icon-687.svg,svg icon,,ParchMint design team (Penpot),exported from archive geometry; Material-aligned monochrome metaphor,included,800a905d90cae96bbc772b3ced11cf6a3e309e9efd848e2d3747fecf1223161f,both,icon glyph asset (token-colored in app),canonical source: PM / Screen / editor-same-document-two-views
pm-icon-688,assets/icons/pm-icon-688.svg,svg icon,,ParchMint design team (Penpot),exported from archive geometry; Material-aligned monochrome metaphor,included,c9c987e3d0e7551683835d5da149371dd92b6af8a1b4c3cacce8cce4e63462aa,both,icon glyph asset (token-colored in app),canonical source: PM / Screen / editor-context-menu-add-comment
pm-icon-689,assets/icons/pm-icon-689.svg,svg icon,,ParchMint design team (Penpot),exported from archive geometry; Material-aligned monochrome metaphor,included,c72e25d095a0e2aa65de10f733c0a34dd35bb22801a563fc9cc0e1fabb510318,both,icon glyph asset (token-colored in app),canonical source: PM / Screen / editor-inspector-collapsed
pm-icon-690,assets/icons/pm-icon-690.svg,svg icon,,ParchMint design team (Penpot),exported from archive geometry; Material-aligned monochrome metaphor,included,cd55979d0bdc603d6acb1db2df3e96058e048f4ac32362bf09651113d95644e9,both,icon glyph asset (token-colored in app),canonical source: PM / Components / General Controls
pm-icon-691,assets/icons/pm-icon-691.svg,svg icon,,ParchMint design team (Penpot),exported from archive geometry; Material-aligned monochrome metaphor,included,a4d2ee24a7f4beae8bcb372fd278451f6118c5369cb7d43bfb370d35b9b9cb42,both,icon glyph asset (token-colored in app),canonical source: PM / Components / Search History Project
pm-icon-692,assets/icons/pm-icon-692.svg,svg icon,,ParchMint design team (Penpot),exported from archive geometry; Material-aligned monochrome metaphor,included,2046a74ce91c04b7cb3d80bf1dafe9a8e5caa65d871ea9c7b9194e20bd678094,both,icon glyph asset (token-colored in app),canonical source: PM / Components / Search History Project
pm-icon-693,assets/icons/pm-icon-693.svg,svg icon,,ParchMint design team (Penpot),exported from archive geometry; Material-aligned monochrome metaphor,included,b3f0d8dbac9869e063e254c400a0a3e2c3c9c6d033e8881c76728e1550c484c0,both,icon glyph asset (token-colored in app),canonical source: PM / Components / Search History Project
pm-icon-694,assets/icons/pm-icon-694.svg,svg icon,,ParchMint design team (Penpot),exported from archive geometry; Material-aligned monochrome metaphor,included,31d1e383cf9d43925b4b5281d881112cd441ed61a588421421a07eac1673023b,both,icon glyph asset (token-colored in app),canonical source: PM / Components / Search History Project
pm-icon-695,assets/icons/pm-icon-695.svg,svg icon,,ParchMint design team (Penpot),exported from archive geometry; Material-aligned monochrome metaphor,included,453dbb96596e2fb4909df7cf461ecf866ba77586f3f3311642767a6b10198d43,both,icon glyph asset (token-colored in app),canonical source: PM / Components / Search History Project
pm-icon-696,assets/icons/pm-icon-696.svg,svg icon,,ParchMint design team (Penpot),exported from archive geometry; Material-aligned monochrome metaphor,included,2a6aa28d40734207445e664942f3a5cc1be13b3b24634b8528c24721264f6e4a,both,icon glyph asset (token-colored in app),canonical source: PM / Components / Search History Project
pm-icon-697,assets/icons/pm-icon-697.svg,svg icon,,ParchMint design team (Penpot),exported from archive geometry; Material-aligned monochrome metaphor,included,7646a8c6cde4ae54ea84c7bf1a534d0d8f1bbfe18a972625ed1c4159972a33a7,both,icon glyph asset (token-colored in app),canonical source: PM / Components / Search History Project
pm-icon-698,assets/icons/pm-icon-698.svg,svg icon,,ParchMint design team (Penpot),exported from archive geometry; Material-aligned monochrome metaphor,included,54375204fb51cea5976003690c15948903fa74c74b9a8bb74f4462cfa474a9e1,both,icon glyph asset (token-colored in app),canonical source: PM / Components / Search History Project
pm-icon-699,assets/icons/pm-icon-699.svg,svg icon,,ParchMint design team (Penpot),exported from archive geometry; Material-aligned monochrome metaphor,included,99551667fec08ea7689f55c40d7294985abce494b06de265743f82ebe1cc95de,both,icon glyph asset (token-colored in app),canonical source: PM / Components / Search History Project
pm-icon-700,assets/icons/pm-icon-700.svg,svg icon,,ParchMint design team (Penpot),exported from archive geometry; Material-aligned monochrome metaphor,included,ffd5c057526ce69394f475fc61ec04542ed943034b01c693942e25c75bb59e24,both,icon glyph asset (token-colored in app),canonical source: PM / Components / Search History Project
pm-icon-701,assets/icons/pm-icon-701.svg,svg icon,,ParchMint design team (Penpot),exported from archive geometry; Material-aligned monochrome metaphor,included,ab85ce4be560d180363bc11655b5669862b9118d33b30630b66b041861d9f2c1,both,icon glyph asset (token-colored in app),canonical source: PM / Components / Search History Project
pm-icon-702,assets/icons/pm-icon-702.svg,svg icon,,ParchMint design team (Penpot),exported from archive geometry; Material-aligned monochrome metaphor,included,5ae3c44f8de1051c56d7dc81e42c417d7e7d8bac5c05d4508cd271604bece4ff,both,icon glyph asset (token-colored in app),canonical source: PM / Screen / empty-manuscript-research-roots
pm-icon-703,assets/icons/pm-icon-703.svg,svg icon,,ParchMint design team (Penpot),exported from archive geometry; Material-aligned monochrome metaphor,included,4ccde0de529b8783a7cbee74d66b166deaef585032a9d2aa6be975d39e47ad7d,both,icon glyph asset (token-colored in app),canonical source: PM / Screen / explorer-context-menu-actions
pm-icon-704,assets/icons/pm-icon-704.svg,svg icon,,ParchMint design team (Penpot),exported from archive geometry; Material-aligned monochrome metaphor,included,a0629a04961a3fa62516a03f6279c71ade2ecb109aeb8bd7ed24be0f6accc376,both,icon glyph asset (token-colored in app),canonical source: PM / Screen / unsupported-pasted-image
pm-icon-705,assets/icons/pm-icon-705.svg,svg icon,,ParchMint design team (Penpot),exported from archive geometry; Material-aligned monochrome metaphor,included,3655f67691529a654b98fc7d60c9e5d480efcb1cad5cedc5ec564f1e19b6ff3a,both,icon glyph asset (token-colored in app),canonical source: PM / Components / Search History Project
pm-icon-706,assets/icons/pm-icon-706.svg,svg icon,,ParchMint design team (Penpot),exported from archive geometry; Material-aligned monochrome metaphor,included,9e7dab27487d0028941791c7d8a67d0fe51b6c74ae3d5ffbaf65152cbed0ca88,both,icon glyph asset (token-colored in app),canonical source: PM / Screen / editor-spellcheck-suggestions
pm-icon-707,assets/icons/pm-icon-707.svg,svg icon,,ParchMint design team (Penpot),exported from archive geometry; Material-aligned monochrome metaphor,included,e077a061dcf4d8e9b4bc8cd2c2f1e21e5ffe17690d1f1b56826a4ef6e5c20b51,both,icon glyph asset (token-colored in app),canonical source: PM / Screen / editor-local-find
pm-icon-708,assets/icons/pm-icon-708.svg,svg icon,,ParchMint design team (Penpot),exported from archive geometry; Material-aligned monochrome metaphor,included,4e9bff75d75b792196a1e3e30f1520985f4da496327e75ca1635f53cca81e059,both,icon glyph asset (token-colored in app),canonical source: PM / Components / Editor
pm-icon-709,assets/icons/pm-icon-709.svg,svg icon,,ParchMint design team (Penpot),exported from archive geometry; Material-aligned monochrome metaphor,included,ab82205fd596ebcd213946bea38dd27da93609d783cfbe0aaa94aabf3d5db91c,both,icon glyph asset (token-colored in app),canonical source: PM / Screen / editor-local-replace
pm-icon-710,assets/icons/pm-icon-710.svg,svg icon,,ParchMint design team (Penpot),exported from archive geometry; Material-aligned monochrome metaphor,included,4fda14a122e666fe64fa0ca75a365b29d72f269bb511d370813a30b02f59bf63,both,icon glyph asset (token-colored in app),canonical source: PM / Screen / editor-long-comments
pm-icon-711,assets/icons/pm-icon-711.svg,svg icon,,ParchMint design team (Penpot),exported from archive geometry; Material-aligned monochrome metaphor,included,2ce493faca3cde68285e62e8d522b9fff728f686b25bde0561ca7edd94949c06,both,icon glyph asset (token-colored in app),canonical source: PM / Prototype Terminal / create-and-write / editor-ready
pm-icon-712,assets/icons/pm-icon-712.svg,svg icon,,ParchMint design team (Penpot),exported from archive geometry; Material-aligned monochrome metaphor,included,0438e704fb7aa55e869518793266f38f25bf7e2cd1538194c2c911281de7322a,both,icon glyph asset (token-colored in app),canonical source: PM / Screen / editor-dual-manuscript-research-left-focus
pm-icon-713,assets/icons/pm-icon-713.svg,svg icon,,ParchMint design team (Penpot),exported from archive geometry; Material-aligned monochrome metaphor,included,b49d059e4b53d569b20e2555f5c91e6903d14f4b39d97ccaf590197281462c89,both,icon glyph asset (token-colored in app),canonical source: PM / Prototype Terminal / save-failure-retry / editor-saved
pm-icon-714,assets/icons/pm-icon-714.svg,svg icon,,ParchMint design team (Penpot),exported from archive geometry; Material-aligned monochrome metaphor,included,797722bf7b686fdd64a8fcc93b3512838fb54dca52595854df9861c844e3c9fb,both,icon glyph asset (token-colored in app),canonical source: PM / Screen / editor-semantic-content-and-breaks
pm-icon-715,assets/icons/pm-icon-715.svg,svg icon,,ParchMint design team (Penpot),exported from archive geometry; Material-aligned monochrome metaphor,included,08bec8bad7759a135ffbe6e522ac413f507c7583200751cd7f20d209f41648c5,both,icon glyph asset (token-colored in app),canonical source: PM / Prototype Terminal / cards-and-organize / editor-return
pm-icon-716,assets/icons/pm-icon-716.svg,svg icon,,ParchMint design team (Penpot),exported from archive geometry; Material-aligned monochrome metaphor,included,28cb4fe2e78d07c52df15ecbe662020415eb4d6ae4d097ae1690ea8becc5393f,both,icon glyph asset (token-colored in app),canonical source: PM / Screen / editor-single-default
pm-icon-717,assets/icons/pm-icon-717.svg,svg icon,,ParchMint design team (Penpot),exported from archive geometry; Material-aligned monochrome metaphor,included,6a72708c36824b68d52a38fcddc8b7c1e96344350d2d89cf025aa861b16f50b1,both,icon glyph asset (token-colored in app),canonical source: PM / Screen / editor-local-find
pm-icon-718,assets/icons/pm-icon-718.svg,svg icon,,ParchMint design team (Penpot),exported from archive geometry; Material-aligned monochrome metaphor,included,8019f8bc26d24aa833a952dbe5a9d885289c35aadc4dc044f28df8792995a5e1,both,icon glyph asset (token-colored in app),canonical source: PM / Screen / editor-dual-manuscript-research-right-focus
pm-icon-719,assets/icons/pm-icon-719.svg,svg icon,,ParchMint design team (Penpot),exported from archive geometry; Material-aligned monochrome metaphor,included,cacbbf2446ba69277fb746ad03e952ba934d6ed5b34bd512c9d41617c5e65821,both,icon glyph asset (token-colored in app),canonical source: PM / Screen / editor-both-sidebars-collapsed
pm-icon-720,assets/icons/pm-icon-720.svg,svg icon,,ParchMint design team (Penpot),exported from archive geometry; Material-aligned monochrome metaphor,included,5f414e7e52859ed3f5e6b67ae2bc7e5215f37109654fba87e59248c9cfcf963d,both,icon glyph asset (token-colored in app),canonical source: PM / Screen / editor-long-comments
pm-icon-721,assets/icons/pm-icon-721.svg,svg icon,,ParchMint design team (Penpot),exported from archive geometry; Material-aligned monochrome metaphor,included,8f8c96c1ba227427e8adcf83a4e111f59d3311bdbf68a57d9d9ab6a992a99d13,both,icon glyph asset (token-colored in app),canonical source: PM / Prototype Terminal / create-and-write / editor-ready
pm-icon-722,assets/icons/pm-icon-722.svg,svg icon,,ParchMint design team (Penpot),exported from archive geometry; Material-aligned monochrome metaphor,included,1a1a80d600d18a21fba4fb6892ca37d25d7eaadc8c12bda6358d84fbb287ceac,both,icon glyph asset (token-colored in app),canonical source: PM / Screen / editor-dual-manuscript-research-left-focus
pm-icon-723,assets/icons/pm-icon-723.svg,svg icon,,ParchMint design team (Penpot),exported from archive geometry; Material-aligned monochrome metaphor,included,98a6c99310d97e478cf1c6807ead27becdba98a02532537cb1f1a7304a98ff15,both,icon glyph asset (token-colored in app),canonical source: PM / Prototype Terminal / save-failure-retry / editor-saved
pm-icon-724,assets/icons/pm-icon-724.svg,svg icon,,ParchMint design team (Penpot),exported from archive geometry; Material-aligned monochrome metaphor,included,a149b9cecdc93304679b44e9e3837acbcfe3814ac840f1edd76416808ebcf270,both,icon glyph asset (token-colored in app),canonical source: PM / Screen / editor-semantic-content-and-breaks
pm-icon-725,assets/icons/pm-icon-725.svg,svg icon,,ParchMint design team (Penpot),exported from archive geometry; Material-aligned monochrome metaphor,included,2886612d87a58a2a5019cc743f947d3e53478af2e0c38a9efa0f9f41525541fa,both,icon glyph asset (token-colored in app),canonical source: PM / Prototype Terminal / cards-and-organize / editor-return
pm-icon-726,assets/icons/pm-icon-726.svg,svg icon,,ParchMint design team (Penpot),exported from archive geometry; Material-aligned monochrome metaphor,included,b4f6ca505c4a83d7c2b2fd28413a586268b3a85e8462b6b739a14e0664901e90,both,icon glyph asset (token-colored in app),canonical source: PM / Screen / editor-single-default
pm-icon-727,assets/icons/pm-icon-727.svg,svg icon,,ParchMint design team (Penpot),exported from archive geometry; Material-aligned monochrome metaphor,included,1438942fcaf9897beea99934536cd2ba0d823e4827c991d7159e7074eafe0f43,both,icon glyph asset (token-colored in app),canonical source: PM / Components / Shell & Explorer
pm-icon-728,assets/icons/pm-icon-728.svg,svg icon,,ParchMint design team (Penpot),exported from archive geometry; Material-aligned monochrome metaphor,included,d6e4e65876acb015825efa3f8548e4d637f2a1878040c72f311be032b2a99c0e,both,icon glyph asset (token-colored in app),canonical source: PM / Screen / editor-local-find
pm-icon-729,assets/icons/pm-icon-729.svg,svg icon,,ParchMint design team (Penpot),exported from archive geometry; Material-aligned monochrome metaphor,included,104c77b58cd1130f27bcd967b8785cc0dd01ec087fb104dbb23bb09c7cc783db,both,icon glyph asset (token-colored in app),canonical source: PM / Screen / editor-dual-manuscript-research-right-focus
pm-icon-730,assets/icons/pm-icon-730.svg,svg icon,,ParchMint design team (Penpot),exported from archive geometry; Material-aligned monochrome metaphor,included,a584f5be25e29a2a447eae969d114ceb64e80a8ddd4be12336f7a649a6998b76,both,icon glyph asset (token-colored in app),canonical source: PM / Screen / editor-both-sidebars-collapsed
pm-icon-731,assets/icons/pm-icon-731.svg,svg icon,,ParchMint design team (Penpot),exported from archive geometry; Material-aligned monochrome metaphor,included,3601b3b1dc56d4b329c0b4920d1a7f5e55188374e94d5c90c4b0b70546ebf170,both,icon glyph asset (token-colored in app),canonical source: PM / Components / Shell & Explorer
pm-icon-732,assets/icons/pm-icon-732.svg,svg icon,,ParchMint design team (Penpot),exported from archive geometry; Material-aligned monochrome metaphor,included,acd2c12081561f034a5b3cc1fbe07cf47fee83827213f9b3f0a55aa07c8782b5,both,icon glyph asset (token-colored in app),canonical source: PM / Screen / editor-local-replace
pm-icon-733,assets/icons/pm-icon-733.svg,svg icon,,ParchMint design team (Penpot),exported from archive geometry; Material-aligned monochrome metaphor,included,6089a3d34c89ede193e3fd7a0a3acde98484f3f7e1ef016597db567570052f26,both,icon glyph asset (token-colored in app),canonical source: PM / Screen / editor-dual-two-manuscript
pm-icon-734,assets/icons/pm-icon-734.svg,svg icon,,ParchMint design team (Penpot),exported from archive geometry; Material-aligned monochrome metaphor,included,6f76c05ea61734c9ad4c9e2b27b0ca24d90bd19d16c11e4c78231ce6863c5041,both,icon glyph asset (token-colored in app),canonical source: PM / Screen / editor-explorer-collapsed
pm-icon-735,assets/icons/pm-icon-735.svg,svg icon,,ParchMint design team (Penpot),exported from archive geometry; Material-aligned monochrome metaphor,included,7423d4011b45ba23c3be0092501f066bebefffc8eb90789759b547148a8e671a,both,icon glyph asset (token-colored in app),canonical source: PM / Screen / editor-local-replace
pm-icon-736,assets/icons/pm-icon-736.svg,svg icon,,ParchMint design team (Penpot),exported from archive geometry; Material-aligned monochrome metaphor,included,bf887dbb122737bd9ed6ac083bb7abfc511d78287789066675512a4dec31c37b,both,icon glyph asset (token-colored in app),canonical source: PM / Screen / editor-dual-two-manuscript
pm-icon-737,assets/icons/pm-icon-737.svg,svg icon,,ParchMint design team (Penpot),exported from archive geometry; Material-aligned monochrome metaphor,included,2659b74853cfbc0faf267f81b7346f1fe18127ca523a2dd9854297239dc0376a,both,icon glyph asset (token-colored in app),canonical source: PM / Screen / editor-explorer-collapsed
pm-icon-738,assets/icons/pm-icon-738.svg,svg icon,,ParchMint design team (Penpot),exported from archive geometry; Material-aligned monochrome metaphor,included,7dec3e5d4b2e44a15703ff1e74552d8e9999ff6a478f2699e4acf8f0de4989b2,both,icon glyph asset (token-colored in app),canonical source: PM / Screen / cards-drag-multiselect
pm-icon-739,assets/icons/pm-icon-739.svg,svg icon,,ParchMint design team (Penpot),exported from archive geometry; Material-aligned monochrome metaphor,included,f00297d7fa5bac5045ebcb8c2464b845bd809ab23cb9532abce91f77f4a5d5bc,both,icon glyph asset (token-colored in app),canonical source: PM / Screen / editor-same-document-two-views
pm-icon-740,assets/icons/pm-icon-740.svg,svg icon,,ParchMint design team (Penpot),exported from archive geometry; Material-aligned monochrome metaphor,included,ed9c1ff352283467ccef5c6a3c603554978d48d1ed18df3cbd12f3002273f567,both,icon glyph asset (token-colored in app),canonical source: PM / Screen / editor-context-menu-add-comment
pm-icon-741,assets/icons/pm-icon-741.svg,svg icon,,ParchMint design team (Penpot),exported from archive geometry; Material-aligned monochrome metaphor,included,afb3a7f47ce65d845326b7d18431e26cd51202b3484b588e003a9ac9825a4fb2,both,icon glyph asset (token-colored in app),canonical source: PM / Screen / editor-inspector-collapsed
pm-icon-742,assets/icons/pm-icon-742.svg,svg icon,,ParchMint design team (Penpot),exported from archive geometry; Material-aligned monochrome metaphor,included,23d81e7dee0757c26a7fb002cc70d725cfbaaa8e2180be951303cb69a73e486f,both,icon glyph asset (token-colored in app),canonical source: PM / Screen / cards-drag-multiselect
pm-icon-743,assets/icons/pm-icon-743.svg,svg icon,,ParchMint design team (Penpot),exported from archive geometry; Material-aligned monochrome metaphor,included,ca27b326210e7694a40816d75502fc8fd67f56e439e75d090b0a4e254531462d,both,icon glyph asset (token-colored in app),canonical source: PM / Screen / editor-same-document-two-views
pm-icon-744,assets/icons/pm-icon-744.svg,svg icon,,ParchMint design team (Penpot),exported from archive geometry; Material-aligned monochrome metaphor,included,11a508ea03bd1f5740d3ba3052b915bfcb803e85db15ca4edda6cbeb733b73f4,both,icon glyph asset (token-colored in app),canonical source: PM / Screen / editor-context-menu-add-comment
pm-icon-745,assets/icons/pm-icon-745.svg,svg icon,,ParchMint design team (Penpot),exported from archive geometry; Material-aligned monochrome metaphor,included,3250b1185878435837bf943daa7d92fd3aa1be6b69f486f376beb21f02071155,both,icon glyph asset (token-colored in app),canonical source: PM / Screen / editor-inspector-collapsed
pm-icon-746,assets/icons/pm-icon-746.svg,svg icon,,ParchMint design team (Penpot),exported from archive geometry; Material-aligned monochrome metaphor,included,6b2cdbcd934c9d7e89b42a37b7ee0b62c7361561413f940005feedd3ce78ce87,both,icon glyph asset (token-colored in app),canonical source: PM / Screen / empty-manuscript-research-roots
pm-icon-747,assets/icons/pm-icon-747.svg,svg icon,,ParchMint design team (Penpot),exported from archive geometry; Material-aligned monochrome metaphor,included,5f2432392172597d710c7f93f780c755b6aa219cefdc76f9279f249122e4024e,both,icon glyph asset (token-colored in app),canonical source: PM / Screen / explorer-context-menu-actions
pm-icon-748,assets/icons/pm-icon-748.svg,svg icon,,ParchMint design team (Penpot),exported from archive geometry; Material-aligned monochrome metaphor,included,536e1f97c199afc264233a2f81983334e64b9c38efe3a31cd8bb8be5521c83bb,both,icon glyph asset (token-colored in app),canonical source: PM / Screen / unsupported-pasted-image
pm-icon-749,assets/icons/pm-icon-749.svg,svg icon,,ParchMint design team (Penpot),exported from archive geometry; Material-aligned monochrome metaphor,included,234d3a9d6ecf2e6a8484edfed401a091265a33951945abf64fceccef03d7bea3,both,icon glyph asset (token-colored in app),canonical source: PM / Screen / empty-manuscript-research-roots
pm-icon-750,assets/icons/pm-icon-750.svg,svg icon,,ParchMint design team (Penpot),exported from archive geometry; Material-aligned monochrome metaphor,included,841710f76347683a454ce5a3121ef15de791453672b56e683d82c18a3d4fa0c7,both,icon glyph asset (token-colored in app),canonical source: PM / Screen / explorer-context-menu-actions
pm-icon-751,assets/icons/pm-icon-751.svg,svg icon,,ParchMint design team (Penpot),exported from archive geometry; Material-aligned monochrome metaphor,included,aabad7b661b71716a08890f1b73c5b998c4cff2e37a3480553092b2cfa2bd189,both,icon glyph asset (token-colored in app),canonical source: PM / Screen / unsupported-pasted-image
pm-icon-752,assets/icons/pm-icon-752.svg,svg icon,,ParchMint design team (Penpot),exported from archive geometry; Material-aligned monochrome metaphor,included,3f278ab072a70d5359fdec813136407fdec326175c53b72ee79de759800235dc,both,icon glyph asset (token-colored in app),canonical source: PM / Screen / editor-spellcheck-suggestions
pm-icon-753,assets/icons/pm-icon-753.svg,svg icon,,ParchMint design team (Penpot),exported from archive geometry; Material-aligned monochrome metaphor,included,76ba8457a7b4170f420b3fefe2384818152e22e1220080668458aa9b09e8a940,both,icon glyph asset (token-colored in app),canonical source: PM / Screen / editor-spellcheck-suggestions
pm-icon-754,assets/icons/pm-icon-754.svg,svg icon,,ParchMint design team (Penpot),exported from archive geometry; Material-aligned monochrome metaphor,included,ee55bf51db9c5fe36a11d5b8f96f96ada39a0d21bd6813f6ca829af5065f5885,both,icon glyph asset (token-colored in app),canonical source: PM / Screen / global-replace-preview-exclusions
pm-icon-755,assets/icons/pm-icon-755.svg,svg icon,,ParchMint design team (Penpot),exported from archive geometry; Material-aligned monochrome metaphor,included,04d0905ecddb3e877d2cd8041451909bc65d40031851355f2de9c935190be22c,both,icon glyph asset (token-colored in app),canonical source: PM / Screen / search-streaming-results
pm-icon-756,assets/icons/pm-icon-756.svg,svg icon,,ParchMint design team (Penpot),exported from archive geometry; Material-aligned monochrome metaphor,included,0f3c30057d5300ab116c4ba678e73eb7edba0ab07634b4cb08d9e5cce042b289,both,icon glyph asset (token-colored in app),canonical source: PM / Screen / editor-local-find
pm-icon-757,assets/icons/pm-icon-757.svg,svg icon,,ParchMint design team (Penpot),exported from archive geometry; Material-aligned monochrome metaphor,included,b61cc60c9f4d8b46daef05e67893fb89d423735d29adc420946a31f009a3baa0,both,icon glyph asset (token-colored in app),canonical source: PM / Screen / editor-dual-manuscript-research-right-focus
pm-icon-758,assets/icons/pm-icon-758.svg,svg icon,,ParchMint design team (Penpot),exported from archive geometry; Material-aligned monochrome metaphor,included,8eddb4acdf4953115a7bbb3e56275a019afc1c47495e72b2c9c8b87776ab0790,both,icon glyph asset (token-colored in app),canonical source: PM / Screen / cards-research-selected
pm-icon-759,assets/icons/pm-icon-759.svg,svg icon,,ParchMint design team (Penpot),exported from archive geometry; Material-aligned monochrome metaphor,included,5808688effa42a0f6680851bea412570cc385c176ea25ef935eeb01ef8812ace,both,icon glyph asset (token-colored in app),canonical source: PM / Components / Shell & Explorer
pm-icon-760,assets/icons/pm-icon-760.svg,svg icon,,ParchMint design team (Penpot),exported from archive geometry; Material-aligned monochrome metaphor,included,5c0f1f4f22a4fa3492b60081f549c1bdbaef54fef8fedc8b04312143125cca29,both,icon glyph asset (token-colored in app),canonical source: PM / Screen / editor-both-sidebars-collapsed
pm-icon-761,assets/icons/pm-icon-761.svg,svg icon,,ParchMint design team (Penpot),exported from archive geometry; Material-aligned monochrome metaphor,included,f1ea24a496f8a33472269ec4e7960cbd3d8d95433d66dbab09102a16e7333d4c,both,icon glyph asset (token-colored in app),canonical source: PM / Screen / history-named-snapshot
pm-icon-762,assets/icons/pm-icon-762.svg,svg icon,,ParchMint design team (Penpot),exported from archive geometry; Material-aligned monochrome metaphor,included,eb968c0e20fdb890094c8f68bf2d8b0b530bc282a241030fa6e0e91d2cdb3eec,both,icon glyph asset (token-colored in app),canonical source: PM / Screen / editor-dual-manuscript-research-right-focus
pm-icon-763,assets/icons/pm-icon-763.svg,svg icon,,ParchMint design team (Penpot),exported from archive geometry; Material-aligned monochrome metaphor,included,0951ff79d8ab695581a71e157837f222e3c315dd26516eebeb18908b733fddaa,both,icon glyph asset (token-colored in app),canonical source: PM / Screen / export-success
pm-icon-764,assets/icons/pm-icon-764.svg,svg icon,,ParchMint design team (Penpot),exported from archive geometry; Material-aligned monochrome metaphor,included,47b87648845c7841561c8e7fea3c8cfe743d414c44cb362bb95662d2e6e7d3d8,both,icon glyph asset (token-colored in app),canonical source: PM / Screen / editor-local-find
pm-icon-765,assets/icons/pm-icon-765.svg,svg icon,,ParchMint design team (Penpot),exported from archive geometry; Material-aligned monochrome metaphor,included,ec59ceaba9be04a50558bb14defe8f4074ed045ebe360b4b37b784b758153275,both,icon glyph asset (token-colored in app),canonical source: PM / Screen / recently-deleted
pm-icon-766,assets/icons/pm-icon-766.svg,svg icon,,ParchMint design team (Penpot),exported from archive geometry; Material-aligned monochrome metaphor,included,4d263ed48e0e08c07f59c0ebed805c65c26743f9a63a0ec9ce48c2bd593c5937,both,icon glyph asset (token-colored in app),canonical source: PM / Screen / search-result-navigation
pm-icon-767,assets/icons/pm-icon-767.svg,svg icon,,ParchMint design team (Penpot),exported from archive geometry; Material-aligned monochrome metaphor,included,0035fb1a58772db5cee4f8278012efc158fa084e050a8981a4fe279ea30ed3e8,both,icon glyph asset (token-colored in app),canonical source: PM / Screen / search-query-entry
pm-icon-768,assets/icons/pm-icon-768.svg,svg icon,,ParchMint design team (Penpot),exported from archive geometry; Material-aligned monochrome metaphor,included,4acb7ceb0556232b69c92c58984042d0492721fff451490f32b3ed6662e2031e,both,icon glyph asset (token-colored in app),canonical source: PM / Screen / editor-long-comments
pm-icon-769,assets/icons/pm-icon-769.svg,svg icon,,ParchMint design team (Penpot),exported from archive geometry; Material-aligned monochrome metaphor,included,80dd5550a1389f6d33ad8ccccadc8c7dc78b9e6c38a97c49b6608df79a427ca8,both,icon glyph asset (token-colored in app),canonical source: PM / Prototype Terminal / create-and-write / editor-ready
pm-icon-770,assets/icons/pm-icon-770.svg,svg icon,,ParchMint design team (Penpot),exported from archive geometry; Material-aligned monochrome metaphor,included,53ba11867be2e6cacebdac0a44c0e21a96691acde1c4fe6fd7db4496e27377c6,both,icon glyph asset (token-colored in app),canonical source: PM / Screen / editor-dual-manuscript-research-left-focus
pm-icon-771,assets/icons/pm-icon-771.svg,svg icon,,ParchMint design team (Penpot),exported from archive geometry; Material-aligned monochrome metaphor,included,c61e239794cd257c581aa5563c4735be12dd51e47707851aef0993ab77705b5d,both,icon glyph asset (token-colored in app),canonical source: PM / Prototype Terminal / save-failure-retry / editor-saved
pm-icon-772,assets/icons/pm-icon-772.svg,svg icon,,ParchMint design team (Penpot),exported from archive geometry; Material-aligned monochrome metaphor,included,6edfdac9cd053d550ddd2b0a21266507b4284c9b0c87234d41d8313563c47af7,both,icon glyph asset (token-colored in app),canonical source: PM / Screen / editor-semantic-content-and-breaks
pm-icon-773,assets/icons/pm-icon-773.svg,svg icon,,ParchMint design team (Penpot),exported from archive geometry; Material-aligned monochrome metaphor,included,6c628e378b44824e21b7e8568aae001439dd5b05b08e60da655f898bcbcfd010,both,icon glyph asset (token-colored in app),canonical source: PM / Prototype Terminal / cards-and-organize / editor-return
pm-icon-774,assets/icons/pm-icon-774.svg,svg icon,,ParchMint design team (Penpot),exported from archive geometry; Material-aligned monochrome metaphor,included,e8221606017cb4577ce618abbe96639e5accf4eb754162a4a37ad05786a48388,both,icon glyph asset (token-colored in app),canonical source: PM / Screen / editor-single-default
pm-icon-775,assets/icons/pm-icon-775.svg,svg icon,,ParchMint design team (Penpot),exported from archive geometry; Material-aligned monochrome metaphor,included,3c8566e9508293650eeae6b4597ea7ca1b374ef8a99ad7d6929e5070a31af03f,both,icon glyph asset (token-colored in app),canonical source: PM / Screen / export-entire-manuscript
pm-icon-776,assets/icons/pm-icon-776.svg,svg icon,,ParchMint design team (Penpot),exported from archive geometry; Material-aligned monochrome metaphor,included,192c5ed8aa3ce551230cc0f6083e9419ecdb880a7e6a2e44940e3bfb6184f98e,both,icon glyph asset (token-colored in app),canonical source: PM / Screen / editor-single-default
pm-icon-777,assets/icons/pm-icon-777.svg,svg icon,,ParchMint design team (Penpot),exported from archive geometry; Material-aligned monochrome metaphor,included,6844f258bfd1dce1fd94442d966b59ec1881ed248f427696b91f22e34906e9f9,both,icon glyph asset (token-colored in app),canonical source: PM / Screen / history-session-date-grouped
pm-icon-778,assets/icons/pm-icon-778.svg,svg icon,,ParchMint design team (Penpot),exported from archive geometry; Material-aligned monochrome metaphor,included,2b00cd7ca55cab17313947d58b99fbe0e9564978547ec17336d6342909461d6c,both,icon glyph asset (token-colored in app),canonical source: PM / Screen / editor-dual-manuscript-research-left-focus
pm-icon-779,assets/icons/pm-icon-779.svg,svg icon,,ParchMint design team (Penpot),exported from archive geometry; Material-aligned monochrome metaphor,included,53c86ce0fe973a0c18016c22bcd69244f5c1631c9efe9761f3eda2834326424f,both,icon glyph asset (token-colored in app),canonical source: PM / Prototype Terminal / save-failure-retry / editor-saved
pm-icon-780,assets/icons/pm-icon-780.svg,svg icon,,ParchMint design team (Penpot),exported from archive geometry; Material-aligned monochrome metaphor,included,fd3630c67dbe4927c8234f72e100c7ef20475f0bf30c9983fe581fb6c87a200f,both,icon glyph asset (token-colored in app),canonical source: PM / Screen / editor-semantic-content-and-breaks
pm-icon-781,assets/icons/pm-icon-781.svg,svg icon,,ParchMint design team (Penpot),exported from archive geometry; Material-aligned monochrome metaphor,included,c0ca7c4cb139f0cacd2684262ef0f5ac3a4b81cb624b384d080dbdfa14ae207d,both,icon glyph asset (token-colored in app),canonical source: PM / Prototype Terminal / cards-and-organize / editor-return
pm-icon-782,assets/icons/pm-icon-782.svg,svg icon,,ParchMint design team (Penpot),exported from archive geometry; Material-aligned monochrome metaphor,included,f532a93ab9499240123b80c7de924f7f34fa18a03631832cbb062095b3837b8c,both,icon glyph asset (token-colored in app),canonical source: PM / Screen / export-numbering
pm-icon-783,assets/icons/pm-icon-783.svg,svg icon,,ParchMint design team (Penpot),exported from archive geometry; Material-aligned monochrome metaphor,included,bd4437f80ba89c7bbd7e70d6f2423ee2fce7dafb97badc9648355e5b2aacfe01,both,icon glyph asset (token-colored in app),canonical source: PM / Screen / editor-long-comments
pm-icon-784,assets/icons/pm-icon-784.svg,svg icon,,ParchMint design team (Penpot),exported from archive geometry; Material-aligned monochrome metaphor,included,6baed0c7d96aec92b22ecf496d0b926c7e78dc92726b277563dcd93ba6912128,both,icon glyph asset (token-colored in app),canonical source: PM / Screen / history-restore-checkpoint
pm-icon-785,assets/icons/pm-icon-785.svg,svg icon,,ParchMint design team (Penpot),exported from archive geometry; Material-aligned monochrome metaphor,included,8dca554a1602a82036e55209152f2e7af56e62772d5c2bdff08fbf14cedfee1c,both,icon glyph asset (token-colored in app),canonical source: PM / Prototype Terminal / create-and-write / editor-ready
pm-icon-786,assets/icons/pm-icon-786.svg,svg icon,,ParchMint design team (Penpot),exported from archive geometry; Material-aligned monochrome metaphor,included,e302d64edae70cea296d53cadf6c95730b46f1b1868a79b8684d035019d1c317,both,icon glyph asset (token-colored in app),canonical source: PM / Screen / search-stale-deleted-results
pm-icon-787,assets/icons/pm-icon-787.svg,svg icon,,ParchMint design team (Penpot),exported from archive geometry; Material-aligned monochrome metaphor,included,f2d5369df95cfbed70cc92eaefe59d93814b732e4b80d0aaea67e10488a2408d,both,icon glyph asset (token-colored in app),canonical source: PM / Screen / search-no-results
pm-icon-788,assets/icons/pm-icon-788.svg,svg icon,,ParchMint design team (Penpot),exported from archive geometry; Material-aligned monochrome metaphor,included,69294f81ed4e936123159ab866ff6819a411e398df36c4797be8a06c3166c00f,both,icon glyph asset (token-colored in app),canonical source: PM / Screen / editor-local-replace
pm-icon-789,assets/icons/pm-icon-789.svg,svg icon,,ParchMint design team (Penpot),exported from archive geometry; Material-aligned monochrome metaphor,included,a80674e0a86e3d59d6730e1e7b694be25eaad6d32f87e6d115c6c1fa2830fb3e,both,icon glyph asset (token-colored in app),canonical source: PM / Screen / editor-dual-two-manuscript
pm-icon-790,assets/icons/pm-icon-790.svg,svg icon,,ParchMint design team (Penpot),exported from archive geometry; Material-aligned monochrome metaphor,included,7f43fd875fbfdfb9dc27e5321f4dee6c9748ed57837c8477380e7e49a7cafbb6,both,icon glyph asset (token-colored in app),canonical source: PM / Screen / cards-deep-expanded
pm-icon-791,assets/icons/pm-icon-791.svg,svg icon,,ParchMint design team (Penpot),exported from archive geometry; Material-aligned monochrome metaphor,included,3595ec526b3f6447c92a49f8132bf9e06ca2e86fa083e0b590f4ac0b0dfe375f,both,icon glyph asset (token-colored in app),canonical source: PM / Screen / editor-explorer-collapsed
pm-icon-792,assets/icons/pm-icon-792.svg,svg icon,,ParchMint design team (Penpot),exported from archive geometry; Material-aligned monochrome metaphor,included,d14e7537b0d3c13a44a37d2701f82adadd5b9b06d49136336f902cf24572d56c,both,icon glyph asset (token-colored in app),canonical source: PM / Screen / settings-delete-unused-style
pm-icon-793,assets/icons/pm-icon-793.svg,svg icon,,ParchMint design team (Penpot),exported from archive geometry; Material-aligned monochrome metaphor,included,ca424305df1d33201ce7af53a4648271a480fce253ec44eb14ee546e75af66d8,both,icon glyph asset (token-colored in app),canonical source: PM / Screen / editor-dual-two-manuscript
pm-icon-794,assets/icons/pm-icon-794.svg,svg icon,,ParchMint design team (Penpot),exported from archive geometry; Material-aligned monochrome metaphor,included,1bbbb0b043707d77f52759c80cb2857bc2a1cd53251b51cc140105121007d8f0,both,icon glyph asset (token-colored in app),canonical source: PM / Screen / export-failure
pm-icon-795,assets/icons/pm-icon-795.svg,svg icon,,ParchMint design team (Penpot),exported from archive geometry; Material-aligned monochrome metaphor,included,180dac7e3316e6f43fb6fe94160686c36f1bd510ba8fa95e310add37bd95ce3b,both,icon glyph asset (token-colored in app),canonical source: PM / Screen / editor-local-replace
pm-icon-796,assets/icons/pm-icon-796.svg,svg icon,,ParchMint design team (Penpot),exported from archive geometry; Material-aligned monochrome metaphor,included,b910b3864cd3c465c0b3b7d5aef8d36b38df0d11d117544b3fbb21c65dc5ba68,both,icon glyph asset (token-colored in app),canonical source: PM / Screen / recently-deleted-fallback-location
pm-icon-797,assets/icons/pm-icon-797.svg,svg icon,,ParchMint design team (Penpot),exported from archive geometry; Material-aligned monochrome metaphor,included,0f257bb924c5a5963c1db1ee6d312ee35519003caf1ac2092dbbf5c06baf40e5,both,icon glyph asset (token-colored in app),canonical source: PM / Screen / settings-general
pm-icon-798,assets/icons/pm-icon-798.svg,svg icon,,ParchMint design team (Penpot),exported from archive geometry; Material-aligned monochrome metaphor,included,8a9db272b05f9d1cc7c47402cf0e3a83e3e5e46ad4e49ca7c6803427ce8b2271,both,icon glyph asset (token-colored in app),canonical source: PM / Screen / cards-drag-multiselect
pm-icon-799,assets/icons/pm-icon-799.svg,svg icon,,ParchMint design team (Penpot),exported from archive geometry; Material-aligned monochrome metaphor,included,e72221229f675f7efb3c7deda8949fbe1ab9c636855d3c250057dc0f7159282f,both,icon glyph asset (token-colored in app),canonical source: PM / Screen / editor-same-document-two-views
pm-icon-800,assets/icons/pm-icon-800.svg,svg icon,,ParchMint design team (Penpot),exported from archive geometry; Material-aligned monochrome metaphor,included,9cf17c048c7479f14bc72d694a318cb45ea74ea1d3a14ea461806d648734c320,both,icon glyph asset (token-colored in app),canonical source: PM / Screen / editor-context-menu-add-comment
pm-icon-801,assets/icons/pm-icon-801.svg,svg icon,,ParchMint design team (Penpot),exported from archive geometry; Material-aligned monochrome metaphor,included,af9484582dda9191c6de17b1f293463996d5689a302ba3118e7df59f803ca837,both,icon glyph asset (token-colored in app),canonical source: PM / Screen / editor-inspector-collapsed
pm-icon-802,assets/icons/pm-icon-802.svg,svg icon,,ParchMint design team (Penpot),exported from archive geometry; Material-aligned monochrome metaphor,included,210b696a14a902f54677b6daa79c94ada62b621fa8318f93112990148063a674,both,icon glyph asset (token-colored in app),canonical source: PM / Screen / export-project-output-controls
pm-icon-803,assets/icons/pm-icon-803.svg,svg icon,,ParchMint design team (Penpot),exported from archive geometry; Material-aligned monochrome metaphor,included,130b28493a6dfe832b765577d522c26b5d3f9723bf040de38b68e0ca837b64ee,both,icon glyph asset (token-colored in app),canonical source: PM / Screen / editor-inspector-collapsed
pm-icon-804,assets/icons/pm-icon-804.svg,svg icon,,ParchMint design team (Penpot),exported from archive geometry; Material-aligned monochrome metaphor,included,1e05842428066a55f61152268b2d2e1bae21ef1b6760a981ab7b5fd49ddf847d,both,icon glyph asset (token-colored in app),canonical source: PM / Screen / settings-replace-in-use-style
pm-icon-805,assets/icons/pm-icon-805.svg,svg icon,,ParchMint design team (Penpot),exported from archive geometry; Material-aligned monochrome metaphor,included,34a24a5d59e9b3ac42801fe6f675bab250330ea4b87633bfe3635abaf7f472ad,both,icon glyph asset (token-colored in app),canonical source: PM / Screen / editor-same-document-two-views
pm-icon-806,assets/icons/pm-icon-806.svg,svg icon,,ParchMint design team (Penpot),exported from archive geometry; Material-aligned monochrome metaphor,included,0ccda562d2fa308e0f42cc05e91c11e8f5764881f7d8d89d2431e89e718dde2f,both,icon glyph asset (token-colored in app),canonical source: PM / Screen / editor-context-menu-add-comment
pm-icon-807,assets/icons/pm-icon-807.svg,svg icon,,ParchMint design team (Penpot),exported from archive geometry; Material-aligned monochrome metaphor,included,150834d8e4703ef14c281e30a705002788f07107b78aa826a0437dacb902d85a,both,icon glyph asset (token-colored in app),canonical source: PM / Screen / cards-drag-multiselect
pm-icon-808,assets/icons/pm-icon-808.svg,svg icon,,ParchMint design team (Penpot),exported from archive geometry; Material-aligned monochrome metaphor,included,747d12a83c68945cca2755e43b43f7b0b1d54a7514d98b5d5b6eb38865f2ad1a,both,icon glyph asset (token-colored in app),canonical source: PM / Screen / settings-appearance-dark-override
pm-icon-809,assets/icons/pm-icon-809.svg,svg icon,,ParchMint design team (Penpot),exported from archive geometry; Material-aligned monochrome metaphor,included,1bc5f7ca424599ff745fae746d7ec973de6bd8afde9a58b81ff26f6f068a5bdb,both,icon glyph asset (token-colored in app),canonical source: PM / Components / Search History Project
pm-icon-810,assets/icons/pm-icon-810.svg,svg icon,,ParchMint design team (Penpot),exported from archive geometry; Material-aligned monochrome metaphor,included,5d187296db1d8239df214c5b62a554977c5e3224033845e95bc90be801d7c259,both,icon glyph asset (token-colored in app),canonical source: PM / Screen / create-project-dialog
pm-icon-811,assets/icons/pm-icon-811.svg,svg icon,,ParchMint design team (Penpot),exported from archive geometry; Material-aligned monochrome metaphor,included,0048058dc39650c4320b3455589e4ffe172b4b5d09f131b9f2dd66780936b64d,both,icon glyph asset (token-colored in app),canonical source: PM / Screen / explorer-context-menu-actions
pm-icon-812,assets/icons/pm-icon-812.svg,svg icon,,ParchMint design team (Penpot),exported from archive geometry; Material-aligned monochrome metaphor,included,530c0ccb3dc19c380d36339e2f1af49667765f6864fe9162127b8d43ddfde799,both,icon glyph asset (token-colored in app),canonical source: PM / Screen / unsupported-pasted-image
pm-icon-813,assets/icons/pm-icon-813.svg,svg icon,,ParchMint design team (Penpot),exported from archive geometry; Material-aligned monochrome metaphor,included,a657f00cc21c415fbfc80135d928db0d75d6525bcf5a914d321179e2ccf4f3c8,both,icon glyph asset (token-colored in app),canonical source: PM / Screen / unsupported-pasted-image
pm-icon-814,assets/icons/pm-icon-814.svg,svg icon,,ParchMint design team (Penpot),exported from archive geometry; Material-aligned monochrome metaphor,included,26160ab61ffe8ea8c4017cbb066dd1f3072333f0e2ed16169ee20dacc692c771,both,icon glyph asset (token-colored in app),canonical source: PM / Screen / explorer-context-menu-actions
pm-icon-815,assets/icons/pm-icon-815.svg,svg icon,,ParchMint design team (Penpot),exported from archive geometry; Material-aligned monochrome metaphor,included,d9a03c2c33ed7ca63e4f0e1bcbf821bf3431fd10a9735f9bd8afb98a6419bc56,both,icon glyph asset (token-colored in app),canonical source: PM / Screen / empty-manuscript-research-roots
pm-icon-816,assets/icons/pm-icon-816.svg,svg icon,,ParchMint design team (Penpot),exported from archive geometry; Material-aligned monochrome metaphor,included,e2c54c8a3a2f438f863509ad91c9edb0db4c52f3f8ee1fe594f3554bf4c89ea5,both,icon glyph asset (token-colored in app),canonical source: PM / Screen / settings-appearance-light-override
pm-icon-817,assets/icons/pm-icon-817.svg,svg icon,,ParchMint design team (Penpot),exported from archive geometry; Material-aligned monochrome metaphor,included,b87714ef4b1026fd2b3a8297bb0bbb3ad1ebda46604f6f40ce44e72d5fc01a5a,both,icon glyph asset (token-colored in app),canonical source: PM / Components / Search History Project
pm-icon-818,assets/icons/pm-icon-818.svg,svg icon,,ParchMint design team (Penpot),exported from archive geometry; Material-aligned monochrome metaphor,included,2ac813c12a2e340a443ae5484501f7028827446ca1af47e2c3600eeeea43586f,both,icon glyph asset (token-colored in app),canonical source: PM / Screen / editor-spellcheck-suggestions
pm-icon-819,assets/icons/pm-icon-819.svg,svg icon,,ParchMint design team (Penpot),exported from archive geometry; Material-aligned monochrome metaphor,included,8f80f1b47397d3f0b49fdf8923e2c43bbf81d6e08772bf7df0ffd82a8e4545f5,both,icon glyph asset (token-colored in app),canonical source: PM / Screen / editor-spellcheck-suggestions
pm-icon-820,assets/icons/pm-icon-820.svg,svg icon,,ParchMint design team (Penpot),exported from archive geometry; Material-aligned monochrome metaphor,included,9d49e20a97bb0bbe76f816cbaa7f094ab33fc279fea9cb536e3b8bd8720b9611,both,icon glyph asset (token-colored in app),"canonical source: PM / Components / Workspace, Menus & Dictionaries"
pm-icon-821,assets/icons/pm-icon-821.svg,svg icon,,ParchMint design team (Penpot),exported from archive geometry; Material-aligned monochrome metaphor,included,0f533ea6c19297fa2813c8e7a8cb89db10b7ec5905f77d44313ed326db5cf82b,both,icon glyph asset (token-colored in app),"canonical source: PM / Components / Workspace, Menus & Dictionaries"
pm-icon-822,assets/icons/pm-icon-822.svg,svg icon,,ParchMint design team (Penpot),exported from archive geometry; Material-aligned monochrome metaphor,included,0bf560c6239f6d18af7c69ef3d14017f85b01fd52ec93a24ce8be21da1c137ee,both,icon glyph asset (token-colored in app),"canonical source: PM / Components / Workspace, Menus & Dictionaries"
pm-icon-823,assets/icons/pm-icon-823.svg,svg icon,,ParchMint design team (Penpot),exported from archive geometry; Material-aligned monochrome metaphor,included,5c003c3ad75667bae4ee27a7d4d126ad267095e380feebe4fbd2319d163ae591,both,icon glyph asset (token-colored in app),"canonical source: PM / Components / Workspace, Menus & Dictionaries"
pm-icon-824,assets/icons/pm-icon-824.svg,svg icon,,ParchMint design team (Penpot),exported from archive geometry; Material-aligned monochrome metaphor,included,7214d6a38a4b5fa42c9ca3f8e88071daeb83c6557a0471fc86e8b5aa99b4996b,both,icon glyph asset (token-colored in app),"canonical source: PM / Components / Workspace, Menus & Dictionaries"
pm-icon-825,assets/icons/pm-icon-825.svg,svg icon,,ParchMint design team (Penpot),exported from archive geometry; Material-aligned monochrome metaphor,included,5660fe432e55e94d431fabcdffcc4cc076adb315d870947eafbe17f0db79f2aa,both,icon glyph asset (token-colored in app),"canonical source: PM / Components / Workspace, Menus & Dictionaries"
pm-icon-826,assets/icons/pm-icon-826.svg,svg icon,,ParchMint design team (Penpot),exported from archive geometry; Material-aligned monochrome metaphor,included,12e8e6cfc69080c34adfd57aa5b94d7950e0173aa0b760bfe78ee424c5edee06,both,icon glyph asset (token-colored in app),canonical source: PM / Screen / editor-dual-manuscript-research-right-focus
pm-icon-827,assets/icons/pm-icon-827.svg,svg icon,,ParchMint design team (Penpot),exported from archive geometry; Material-aligned monochrome metaphor,included,ce45ecb8febfb1c4402e0587c654391d4134d9614ce5ae1a128b4271133b32bb,both,icon glyph asset (token-colored in app),canonical source: PM / Screen / history-named-snapshot
pm-icon-828,assets/icons/pm-icon-828.svg,svg icon,,ParchMint design team (Penpot),exported from archive geometry; Material-aligned monochrome metaphor,included,7b2557fdf828253d3b5b5b5b5c4a7b2531ff23cb9173b9725ffb28ba573c8e43,both,icon glyph asset (token-colored in app),canonical source: PM / Screen / editor-both-sidebars-collapsed
pm-icon-829,assets/icons/pm-icon-829.svg,svg icon,,ParchMint design team (Penpot),exported from archive geometry; Material-aligned monochrome metaphor,included,c3641fb00ecc17dfe07245ba66301275fbf087a08f0a04c9b0a2663aef65bc76,both,icon glyph asset (token-colored in app),canonical source: PM / Screen / recently-deleted
pm-icon-830,assets/icons/pm-icon-830.svg,svg icon,,ParchMint design team (Penpot),exported from archive geometry; Material-aligned monochrome metaphor,included,8f894dbed312b5957dd41a4848eefe8dd25d0208551ce6957e983ba2c7141e91,both,icon glyph asset (token-colored in app),canonical source: PM / Screen / editor-local-find
pm-icon-831,assets/icons/pm-icon-831.svg,svg icon,,ParchMint design team (Penpot),exported from archive geometry; Material-aligned monochrome metaphor,included,cec55646ffdc019afc3fb709ad00a605ab1e0c26b5a38b0dab49cae9a1275d47,both,icon glyph asset (token-colored in app),canonical source: PM / Screen / export-success
pm-icon-832,assets/icons/pm-icon-832.svg,svg icon,,ParchMint design team (Penpot),exported from archive geometry; Material-aligned monochrome metaphor,included,b734bba1eb7828435cb23b1ae1ca07fc9d66cc2b021d66af198f71a8d15e6b2a,both,icon glyph asset (token-colored in app),canonical source: PM / Prototype Terminal / create-and-write / editor-ready
pm-icon-833,assets/icons/pm-icon-833.svg,svg icon,,ParchMint design team (Penpot),exported from archive geometry; Material-aligned monochrome metaphor,included,2b3414a698846ed9cfbd1212c26c7c2f17c261718e9899017978a5d598119e74,both,icon glyph asset (token-colored in app),canonical source: PM / Screen / editor-dual-manuscript-research-left-focus
pm-icon-834,assets/icons/pm-icon-834.svg,svg icon,,ParchMint design team (Penpot),exported from archive geometry; Material-aligned monochrome metaphor,included,65eaa837caac838b5f2d1fc27d16fcdfe3b8b49d103da5a6ca13a309fd5b0329,both,icon glyph asset (token-colored in app),canonical source: PM / Prototype Terminal / save-failure-retry / editor-saved
pm-icon-835,assets/icons/pm-icon-835.svg,svg icon,,ParchMint design team (Penpot),exported from archive geometry; Material-aligned monochrome metaphor,included,1f71cc753713e0acd640154983e4b0f5f4358102750eb5ccf69f6ee3805b1898,both,icon glyph asset (token-colored in app),canonical source: PM / Screen / history-session-date-grouped
pm-icon-836,assets/icons/pm-icon-836.svg,svg icon,,ParchMint design team (Penpot),exported from archive geometry; Material-aligned monochrome metaphor,included,cd11cb6a0c5cfbb5dc7e0edc04dd640ed2eb62f8671cea2b4d7c2b77b7e4249a,both,icon glyph asset (token-colored in app),canonical source: PM / Screen / export-entire-manuscript
pm-icon-837,assets/icons/pm-icon-837.svg,svg icon,,ParchMint design team (Penpot),exported from archive geometry; Material-aligned monochrome metaphor,included,dcc07de09369b17b4f9527ca33fedf206d354063c6556d6f7eaf4adaff0004ba,both,icon glyph asset (token-colored in app),canonical source: PM / Screen / editor-single-default
pm-icon-838,assets/icons/pm-icon-838.svg,svg icon,,ParchMint design team (Penpot),exported from archive geometry; Material-aligned monochrome metaphor,included,4a8b20db79bf00831a35e66aadbdba90a1b4f7cf8f76c9174a0eb36839ca9a5f,both,icon glyph asset (token-colored in app),canonical source: PM / Screen / editor-semantic-content-and-breaks
pm-icon-839,assets/icons/pm-icon-839.svg,svg icon,,ParchMint design team (Penpot),exported from archive geometry; Material-aligned monochrome metaphor,included,d1e89412e70c5141ef836fe030c5c1e92a141a43950c9cbab89e99fc4cb1c27b,both,icon glyph asset (token-colored in app),canonical source: PM / Prototype Terminal / cards-and-organize / editor-return
pm-icon-840,assets/icons/pm-icon-840.svg,svg icon,,ParchMint design team (Penpot),exported from archive geometry; Material-aligned monochrome metaphor,included,98a283bd78b77868102295b255c914e8552d30cd05d4d2b3ab1401e3f7728d3d,both,icon glyph asset (token-colored in app),canonical source: PM / Screen / history-restore-checkpoint
pm-icon-841,assets/icons/pm-icon-841.svg,svg icon,,ParchMint design team (Penpot),exported from archive geometry; Material-aligned monochrome metaphor,included,58b7adf5925b1c2715f53ed4136e3cfa86167859d1135d27033133bb17d4c8bb,both,icon glyph asset (token-colored in app),canonical source: PM / Screen / editor-long-comments
pm-icon-842,assets/icons/pm-icon-842.svg,svg icon,,ParchMint design team (Penpot),exported from archive geometry; Material-aligned monochrome metaphor,included,134618cb8b76d029e6a50cd2e9aef106ff72f0f9623588a4462519bec9c53f8c,both,icon glyph asset (token-colored in app),canonical source: PM / Screen / export-numbering
pm-icon-843,assets/icons/pm-icon-843.svg,svg icon,,ParchMint design team (Penpot),exported from archive geometry; Material-aligned monochrome metaphor,included,8d492aebe1f631aac38e152431103a154bf6d7748840ade2cb80ab94b89b0b00,both,icon glyph asset (token-colored in app),canonical source: PM / Screen / editor-dual-two-manuscript
pm-icon-844,assets/icons/pm-icon-844.svg,svg icon,,ParchMint design team (Penpot),exported from archive geometry; Material-aligned monochrome metaphor,included,0a18d9bdcd66213ead4bc38027c6ad93068212f6e5ece000212ba2a0729db77d,both,icon glyph asset (token-colored in app),canonical source: PM / Screen / export-progress
pm-icon-845,assets/icons/pm-icon-845.svg,svg icon,,ParchMint design team (Penpot),exported from archive geometry; Material-aligned monochrome metaphor,included,eaad6b0efb0a54c3c09d71e9d2e07849bfb5c06620b1dddb1736c81f9b7c5c98,both,icon glyph asset (token-colored in app),canonical source: PM / Screen / settings-delete-unused-style
pm-icon-846,assets/icons/pm-icon-846.svg,svg icon,,ParchMint design team (Penpot),exported from archive geometry; Material-aligned monochrome metaphor,included,fa9bdb469aba948a2fd6048069f1d8059d6dc63375ea1f35c6415f0d9ba6fbe1,both,icon glyph asset (token-colored in app),canonical source: PM / Screen / editor-explorer-collapsed
pm-icon-847,assets/icons/pm-icon-847.svg,svg icon,,ParchMint design team (Penpot),exported from archive geometry; Material-aligned monochrome metaphor,included,25ddf8fc236ffeaabd7800532a92938d4205011595b5b19d9648f3ef8bfcaade,both,icon glyph asset (token-colored in app),canonical source: PM / Screen / recently-deleted-fallback-location
pm-icon-848,assets/icons/pm-icon-848.svg,svg icon,,ParchMint design team (Penpot),exported from archive geometry; Material-aligned monochrome metaphor,included,156228e5b7b2fdcf426a7b679742ef639d49c9760564054410a7f51ed58ef9a1,both,icon glyph asset (token-colored in app),canonical source: PM / Screen / editor-local-replace
pm-icon-849,assets/icons/pm-icon-849.svg,svg icon,,ParchMint design team (Penpot),exported from archive geometry; Material-aligned monochrome metaphor,included,883b824dcbba7255667c7225300cfc78542eca31016d06f1dade5e57204bcd5b,both,icon glyph asset (token-colored in app),canonical source: PM / Screen / export-failure
pm-icon-850,assets/icons/pm-icon-850.svg,svg icon,,ParchMint design team (Penpot),exported from archive geometry; Material-aligned monochrome metaphor,included,0649b109c81a36fdc95b471c6d3d3b4c92ab33c02571a183f57c4b81125db2ce,both,icon glyph asset (token-colored in app),canonical source: PM / Screen / editor-same-document-two-views
pm-icon-851,assets/icons/pm-icon-851.svg,svg icon,,ParchMint design team (Penpot),exported from archive geometry; Material-aligned monochrome metaphor,included,8e0eacd536a2822a51b94bf246c19e158f1666ba0b32cc4bf9300e8317916d27,both,icon glyph asset (token-colored in app),canonical source: PM / Screen / editor-context-menu-add-comment
pm-icon-852,assets/icons/pm-icon-852.svg,svg icon,,ParchMint design team (Penpot),exported from archive geometry; Material-aligned monochrome metaphor,included,733e41c4d889dd6ed35756f2279d5bab07bd72a56058f1694bf87f9291599751,both,icon glyph asset (token-colored in app),canonical source: PM / Screen / settings-replace-in-use-style
pm-icon-853,assets/icons/pm-icon-853.svg,svg icon,,ParchMint design team (Penpot),exported from archive geometry; Material-aligned monochrome metaphor,included,357f6f500b73321bbd001597e74e9818962de7a78980a6a6436a18160a65dafd,both,icon glyph asset (token-colored in app),canonical source: PM / Screen / export-project-output-controls
pm-icon-854,assets/icons/pm-icon-854.svg,svg icon,,ParchMint design team (Penpot),exported from archive geometry; Material-aligned monochrome metaphor,included,6e739f45eeb98b33ee361b298f0b48c8f6c5aee938e8823d13bbce3ccf84fa6a,both,icon glyph asset (token-colored in app),canonical source: PM / Screen / editor-inspector-collapsed
pm-icon-855,assets/icons/pm-icon-855.svg,svg icon,,ParchMint design team (Penpot),exported from archive geometry; Material-aligned monochrome metaphor,included,d04af4838a2667c9d5042446be330d912a16285895f08571e65a207b34b8335e,both,icon glyph asset (token-colored in app),canonical source: PM / Screen / settings-appearance-dark-override
pm-icon-856,assets/icons/pm-icon-856.svg,svg icon,,ParchMint design team (Penpot),exported from archive geometry; Material-aligned monochrome metaphor,included,f2a7751ff21b3353aec45928146e635985f9f89aa5b049c903f3039499b37c6d,both,icon glyph asset (token-colored in app),canonical source: PM / Screen / cards-drag-multiselect
pm-icon-857,assets/icons/pm-icon-857.svg,svg icon,,ParchMint design team (Penpot),exported from archive geometry; Material-aligned monochrome metaphor,included,cbab7444fb28c778f57579ea37f07b01316d1aac7a0cc035c16fe93e0d59c29c,both,icon glyph asset (token-colored in app),canonical source: PM / Screen / explorer-context-menu-actions
pm-icon-858,assets/icons/pm-icon-858.svg,svg icon,,ParchMint design team (Penpot),exported from archive geometry; Material-aligned monochrome metaphor,included,12daaa5dfb4ea1fcb1d38ca8688929e8bf99e15099c9d1319346b921249d680a,both,icon glyph asset (token-colored in app),canonical source: PM / Screen / unsupported-pasted-image
pm-icon-859,assets/icons/pm-icon-859.svg,svg icon,,ParchMint design team (Penpot),exported from archive geometry; Material-aligned monochrome metaphor,included,7c7d32b7c9be32d664b1e79948a521c24a2b54bd97f9bf72e1c09b16bbd48159,both,icon glyph asset (token-colored in app),canonical source: PM / Screen / settings-appearance-light-override
pm-icon-860,assets/icons/pm-icon-860.svg,svg icon,,ParchMint design team (Penpot),exported from archive geometry; Material-aligned monochrome metaphor,included,043bdb5c5039295a44b682c0a42a1e993d8cfed40956c7aa873f574d43a8c611,both,icon glyph asset (token-colored in app),canonical source: PM / Screen / empty-manuscript-research-roots
pm-icon-861,assets/icons/pm-icon-861.svg,svg icon,,ParchMint design team (Penpot),exported from archive geometry; Material-aligned monochrome metaphor,included,6431a1ed088b78530eb96bfe584dc3b9e90ee9f49e8a074581255a16b160c546,both,icon glyph asset (token-colored in app),canonical source: PM / Screen / editor-spellcheck-suggestions
pm-icon-862,assets/icons/pm-icon-862.svg,svg icon,,ParchMint design team (Penpot),exported from archive geometry; Material-aligned monochrome metaphor,included,d1be537c3e10f243c5615d7a3b0ff88c4481d146338a262b1b9ac880b7d67cfc,both,icon glyph asset (token-colored in app),"canonical source: PM / Components / Workspace, Menus & Dictionaries"
pm-icon-863,assets/icons/pm-icon-863.svg,svg icon,,ParchMint design team (Penpot),exported from archive geometry; Material-aligned monochrome metaphor,included,0c87847d3bf0b26569a2ecdf9a0c2f8883748cd552b806807497b111102ea5ce,both,icon glyph asset (token-colored in app),"canonical source: PM / Components / Workspace, Menus & Dictionaries"
pm-icon-864,assets/icons/pm-icon-864.svg,svg icon,,ParchMint design team (Penpot),exported from archive geometry; Material-aligned monochrome metaphor,included,d1cc86bfff8cd2211d0cd3022f4b8440b44d09d2aed90cdb84b866b58f03cfb3,both,icon glyph asset (token-colored in app),"canonical source: PM / Components / Workspace, Menus & Dictionaries"
pm-icon-865,assets/icons/pm-icon-865.svg,svg icon,,ParchMint design team (Penpot),exported from archive geometry; Material-aligned monochrome metaphor,included,7c3437c92163331b4db7261c78b83047abb1b220f769808a55be306a717b883e,both,icon glyph asset (token-colored in app),"canonical source: PM / Components / Workspace, Menus & Dictionaries"
pm-icon-866,assets/icons/pm-icon-866.svg,svg icon,,ParchMint design team (Penpot),exported from archive geometry; Material-aligned monochrome metaphor,included,d92cb9063fcfa26e4b6b4ec67c4a88b0126eef1b17d423ff084827ceea6ea8c9,both,icon glyph asset (token-colored in app),"canonical source: PM / Components / Workspace, Menus & Dictionaries"
pm-icon-867,assets/icons/pm-icon-867.svg,svg icon,,ParchMint design team (Penpot),exported from archive geometry; Material-aligned monochrome metaphor,included,b42aa490e8e2f45e2254070124e2e9f0e4bd97bf2e7c1a426c7500bbacd00e2b,both,icon glyph asset (token-colored in app),"canonical source: PM / Components / Workspace, Menus & Dictionaries"
pm-icon-868,assets/icons/pm-icon-868.svg,svg icon,,ParchMint design team (Penpot),exported from archive geometry; Material-aligned monochrome metaphor,included,198c3a393e57d791cc31c9daa688bbb4d098fa51cb12c18ea98a1777ecbb11ad,both,icon glyph asset (token-colored in app),canonical source: PM / Screen / launcher-recent
pm-icon-869,assets/icons/pm-icon-869.svg,svg icon,,ParchMint design team (Penpot),exported from archive geometry; Material-aligned monochrome metaphor,included,0fba744677cbe5e4495c0834596a9b7e7b9eddcfccab2f353f28e87ea7be51c2,both,icon glyph asset (token-colored in app),canonical source: PM / Screen / launcher-recent
pm-icon-870,assets/icons/pm-icon-870.svg,svg icon,,ParchMint design team (Penpot),exported from archive geometry; Material-aligned monochrome metaphor,included,737cbcd95f71c6829983727dc846053b05e40f6a4f7a766bb9a48019056c71a3,both,icon glyph asset (token-colored in app),canonical source: PM / Components / Search History Project
pm-icon-871,assets/icons/pm-icon-871.svg,svg icon,,ParchMint design team (Penpot),exported from archive geometry; Material-aligned monochrome metaphor,included,7d4307e1d6a92c2722478e41e110b3b3fda3483905c9e574f9d39b774f7ebd61,both,icon glyph asset (token-colored in app),canonical source: PM / Screen / launcher-recent
pm-icon-872,assets/icons/pm-icon-872.svg,svg icon,,ParchMint design team (Penpot),exported from archive geometry; Material-aligned monochrome metaphor,included,dfbaa1ad829d8f9bbcc97f311803a4b826a0b133bac380063f14b8aa1bac8a78,both,icon glyph asset (token-colored in app),canonical source: PM / Screen / launcher-recent
pm-icon-873,assets/icons/pm-icon-873.svg,svg icon,,ParchMint design team (Penpot),exported from archive geometry; Material-aligned monochrome metaphor,included,19d30cf1f92c88a065c89a0556aba4d0f8f3bd1a16934ca326d532189c6df22d,both,icon glyph asset (token-colored in app),canonical source: PM / Components / Shell & Explorer
pm-icon-874,assets/icons/pm-icon-874.svg,svg icon,,ParchMint design team (Penpot),exported from archive geometry; Material-aligned monochrome metaphor,included,a492b7effa7394d069dd91b5ad677c5bb1316fed9b1accf55d43cf4c6451b750,both,icon glyph asset (token-colored in app),canonical source: PM / Components / Shell & Explorer
pm-icon-875,assets/icons/pm-icon-875.svg,svg icon,,ParchMint design team (Penpot),exported from archive geometry; Material-aligned monochrome metaphor,included,bdaecdd23c988a94bfa6e9aab6d8c5b1bf440636c9d4f594902ae27c9b58b9c9,both,icon glyph asset (token-colored in app),canonical source: PM / Components / Shell & Explorer
pm-icon-876,assets/icons/pm-icon-876.svg,svg icon,,ParchMint design team (Penpot),exported from archive geometry; Material-aligned monochrome metaphor,included,b265d6ed3e1ecdc92920332d3730d992ec71ffff8c2df95838c0cb7cab6977a2,both,icon glyph asset (token-colored in app),canonical source: PM / Components / Shell & Explorer
pm-icon-877,assets/icons/pm-icon-877.svg,svg icon,,ParchMint design team (Penpot),exported from archive geometry; Material-aligned monochrome metaphor,included,bbf93446c3c464c2375c39741019b0d2d29cf28e46cd366d63d99ddccfd4506a,both,icon glyph asset (token-colored in app),canonical source: PM / Components / Shell & Explorer
pm-icon-878,assets/icons/pm-icon-878.svg,svg icon,,ParchMint design team (Penpot),exported from archive geometry; Material-aligned monochrome metaphor,included,4d3326671715cb690cbe56f6d23ca2f0cd3a018d9911cd17616f1e2e976fa331,both,icon glyph asset (token-colored in app),canonical source: PM / Components / Shell & Explorer
pm-icon-879,assets/icons/pm-icon-879.svg,svg icon,,ParchMint design team (Penpot),exported from archive geometry; Material-aligned monochrome metaphor,included,f19727c68bba0356e2db46d6e0a4139bf15e708531a62ce7e98b40d153e41ca3,both,icon glyph asset (token-colored in app),canonical source: PM / Components / Shell & Explorer
pm-icon-880,assets/icons/pm-icon-880.svg,svg icon,,ParchMint design team (Penpot),exported from archive geometry; Material-aligned monochrome metaphor,included,4913c789453229cebdc36c32c68f32340bda5c6cf5339f6ec0e92828e299bdfa,both,icon glyph asset (token-colored in app),canonical source: PM / Components / Shell & Explorer
pm-icon-881,assets/icons/pm-icon-881.svg,svg icon,,ParchMint design team (Penpot),exported from archive geometry; Material-aligned monochrome metaphor,included,0e1fc2855c658e6fe90668a383f0161769ad1c98548f23f79e44d519fa9e0fe7,both,icon glyph asset (token-colored in app),canonical source: PM / Screen / editor-context-menu-add-comment
pm-icon-882,assets/icons/pm-icon-882.svg,svg icon,,ParchMint design team (Penpot),exported from archive geometry; Material-aligned monochrome metaphor,included,acfa8d3d67c41fc5e62c7316608dd7323796a367543dc4e7dd9e3de894c716d9,both,icon glyph asset (token-colored in app),canonical source: PM / Screen / editor-context-menu-add-comment
pm-icon-883,assets/icons/pm-icon-883.svg,svg icon,,ParchMint design team (Penpot),exported from archive geometry; Material-aligned monochrome metaphor,included,ea154c486cb2ce2d6b631333ece598367e98c7a75423fa449b7e486f3edb0d90,both,icon glyph asset (token-colored in app),canonical source: PM / Screen / editor-context-menu-add-comment
pm-icon-884,assets/icons/pm-icon-884.svg,svg icon,,ParchMint design team (Penpot),exported from archive geometry; Material-aligned monochrome metaphor,included,f1eaa13c160503bbef21b229fb27f8db481ff620d36bd5c6d10de56e60cfdba0,both,icon glyph asset (token-colored in app),canonical source: PM / Screen / editor-context-menu-add-comment
pm-icon-885,assets/icons/pm-icon-885.svg,svg icon,,ParchMint design team (Penpot),exported from archive geometry; Material-aligned monochrome metaphor,included,4a2e97049340c84c7ebc8c051d4e2a375ce09e9d1b148afd4c409ca6d60da407,both,icon glyph asset (token-colored in app),canonical source: PM / Screen / editor-context-menu-add-comment
pm-icon-886,assets/icons/pm-icon-886.svg,svg icon,,ParchMint design team (Penpot),exported from archive geometry; Material-aligned monochrome metaphor,included,be9c721f9806b314fe2547ac59264576d6e22a764d7b934f44f28a15cb66ac3c,both,icon glyph asset (token-colored in app),canonical source: PM / Screen / explorer-context-menu-actions
pm-icon-887,assets/icons/pm-icon-887.svg,svg icon,,ParchMint design team (Penpot),exported from archive geometry; Material-aligned monochrome metaphor,included,74824bd06ff007a4e00f8b019cc8cce136a11ea51bb464656cf0b1c17e30f11f,both,icon glyph asset (token-colored in app),canonical source: PM / Screen / explorer-context-menu-actions
pm-icon-888,assets/icons/pm-icon-888.svg,svg icon,,ParchMint design team (Penpot),exported from archive geometry; Material-aligned monochrome metaphor,included,b275d0687721f08f52942b131ca3dfb349481d2ba2c9494a724aaa379ee0354a,both,icon glyph asset (token-colored in app),canonical source: PM / Screen / explorer-context-menu-actions
pm-icon-889,assets/icons/pm-icon-889.svg,svg icon,,ParchMint design team (Penpot),exported from archive geometry; Material-aligned monochrome metaphor,included,1265260f682fb809e11edf1785ee110db59108ce78b2e29c701002f4855139be,both,icon glyph asset (token-colored in app),canonical source: PM / Screen / explorer-context-menu-actions
pm-icon-890,assets/icons/pm-icon-890.svg,svg icon,,ParchMint design team (Penpot),exported from archive geometry; Material-aligned monochrome metaphor,included,291c722fa24e5cda74922bb9a070fb8eb979d667740a7c768ff7e4451d6094b9,both,icon glyph asset (token-colored in app),canonical source: PM / Screen / explorer-context-menu-actions
pm-icon-891,assets/icons/pm-icon-891.svg,svg icon,,ParchMint design team (Penpot),exported from archive geometry; Material-aligned monochrome metaphor,included,6bb9ed47461ca7f59690564e625ea5c436d32ec79711cb992aaa359b1ca0e0db,both,icon glyph asset (token-colored in app),canonical source: PM / Screen / explorer-context-menu-actions
pm-icon-892,assets/icons/pm-icon-892.svg,svg icon,,ParchMint design team (Penpot),exported from archive geometry; Material-aligned monochrome metaphor,included,8d8d70862d109ca54f6ed898c5435fa584fac5836b6c90b575241c5576bc9758,both,icon glyph asset (token-colored in app),canonical source: PM / Screen / explorer-context-menu-actions
pm-icon-893,assets/icons/pm-icon-893.svg,svg icon,,ParchMint design team (Penpot),exported from archive geometry; Material-aligned monochrome metaphor,included,5e04f2273d1168f1a11da985fa3780e52a340ba8054ce56fee3a6bc43633dc11,both,icon glyph asset (token-colored in app),canonical source: PM / Screen / explorer-context-menu-actions
pm-icon-894,assets/icons/pm-icon-894.svg,svg icon,,ParchMint design team (Penpot),exported from archive geometry; Material-aligned monochrome metaphor,included,646212c9b00fa8a1094bd4d5e5c5b3b19693418dd67cf56ce85871f27054de3e,both,icon glyph asset (token-colored in app),canonical source: PM / Components / General Controls
pm-icon-895,assets/icons/pm-icon-895.svg,svg icon,,ParchMint design team (Penpot),exported from archive geometry; Material-aligned monochrome metaphor,included,8ec661651bb8805149e27f7e831e25043b577a0e679b38567235904f28bd2222,both,icon glyph asset (token-colored in app),canonical source: PM / Components / Search History Project
pm-icon-896,assets/icons/pm-icon-896.svg,svg icon,,ParchMint design team (Penpot),exported from archive geometry; Material-aligned monochrome metaphor,included,c0e41d399d65ee88ce56cc77204beb66b0e9c6c5d1ff7381f0c6e8fd972f1171,both,icon glyph asset (token-colored in app),"canonical source: PM / Components / Workspace, Menus & Dictionaries"
pm-icon-897,assets/icons/pm-icon-897.svg,svg icon,,ParchMint design team (Penpot),exported from archive geometry; Material-aligned monochrome metaphor,included,91271559e55b1b9e84caeeb6fca916459aeb4999272301b7c146bb4cf435a677,both,icon glyph asset (token-colored in app),"canonical source: PM / Components / Workspace, Menus & Dictionaries"
pm-icon-898,assets/icons/pm-icon-898.svg,svg icon,,ParchMint design team (Penpot),exported from archive geometry; Material-aligned monochrome metaphor,included,ba0ad2979cacfe53aeb5e1cbfd51b758f3f43a1dccb0d2edadb350f10663886f,both,icon glyph asset (token-colored in app),"canonical source: PM / Components / Workspace, Menus & Dictionaries"
pm-icon-899,assets/icons/pm-icon-899.svg,svg icon,,ParchMint design team (Penpot),exported from archive geometry; Material-aligned monochrome metaphor,included,28c81db3745df1174df84bbc22176ee2df5a172c2bf8a0d857a31402d62dff17,both,icon glyph asset (token-colored in app),"canonical source: PM / Components / Workspace, Menus & Dictionaries"
pm-icon-900,assets/icons/pm-icon-900.svg,svg icon,,ParchMint design team (Penpot),exported from archive geometry; Material-aligned monochrome metaphor,included,b73f1f9cb2bde256d1899329df3a43769f432e0d5fd3febe7297542ae5788f49,both,icon glyph asset (token-colored in app),"canonical source: PM / Components / Workspace, Menus & Dictionaries"
pm-icon-901,assets/icons/pm-icon-901.svg,svg icon,,ParchMint design team (Penpot),exported from archive geometry; Material-aligned monochrome metaphor,included,80a947d6cf1def68499fa3dd86b5056346c3a4284f9d9ef3089693b719a03b46,both,icon glyph asset (token-colored in app),canonical source: PM / Screen / editor-spellcheck-suggestions
pm-icon-902,assets/icons/pm-icon-902.svg,svg icon,,ParchMint design team (Penpot),exported from archive geometry; Material-aligned monochrome metaphor,included,4cb7454ede94890429c436e2074a7ae20df7ae9896244bb6a67f6a748cc0bf88,both,icon glyph asset (token-colored in app),canonical source: PM / Screen / editor-spellcheck-suggestions
pm-icon-903,assets/icons/pm-icon-903.svg,svg icon,,ParchMint design team (Penpot),exported from archive geometry; Material-aligned monochrome metaphor,included,b075b8430f35c7f39d4a2aa15494ad2330730179293cd631be32c09e5990e7d7,both,icon glyph asset (token-colored in app),canonical source: PM / Screen / editor-spellcheck-suggestions
pm-icon-904,assets/icons/pm-icon-904.svg,svg icon,,ParchMint design team (Penpot),exported from archive geometry; Material-aligned monochrome metaphor,included,9dbec4b1dfa5323d6dfb3364ac5c419886e512aece2620b82c52e80add8a27d2,both,icon glyph asset (token-colored in app),canonical source: PM / Screen / editor-spellcheck-suggestions
pm-icon-905,assets/icons/pm-icon-905.svg,svg icon,,ParchMint design team (Penpot),exported from archive geometry; Material-aligned monochrome metaphor,included,c4076f676a416b4efb49f9406e2e4c30ab670a6141569073247477d305a84b7c,both,icon glyph asset (token-colored in app),canonical source: PM / Screen / editor-spellcheck-suggestions
pm-icon-906,assets/icons/pm-icon-906.svg,svg icon,,ParchMint design team (Penpot),exported from archive geometry; Material-aligned monochrome metaphor,included,e4ba66697140e1165692a7be8a5cc53de6479eb66adf6e0f360e02eee606a07d,both,icon glyph asset (token-colored in app),"canonical source: PM / Components / Workspace, Menus & Dictionaries"
pm-icon-907,assets/icons/pm-icon-907.svg,svg icon,,ParchMint design team (Penpot),exported from archive geometry; Material-aligned monochrome metaphor,included,7f3a8565e4e7841b87844d9727fc4bad5d19d5d08a940a25e973e011a57c2b95,both,icon glyph asset (token-colored in app),"canonical source: PM / Components / Workspace, Menus & Dictionaries"
pm-icon-908,assets/icons/pm-icon-908.svg,svg icon,,ParchMint design team (Penpot),exported from archive geometry; Material-aligned monochrome metaphor,included,f8cb7dfe192a133537909d7667fbdc54262f3811893662f6eca33b4668a8ddd3,both,icon glyph asset (token-colored in app),"canonical source: PM / Components / Workspace, Menus & Dictionaries"
pm-icon-909,assets/icons/pm-icon-909.svg,svg icon,,ParchMint design team (Penpot),exported from archive geometry; Material-aligned monochrome metaphor,included,4a064753ddc46595f4600838d41c41fbcfd44a886e3eac51dc3ad3829bf6ed3e,both,icon glyph asset (token-colored in app),"canonical source: PM / Components / Workspace, Menus & Dictionaries"
pm-icon-910,assets/icons/pm-icon-910.svg,svg icon,,ParchMint design team (Penpot),exported from archive geometry; Material-aligned monochrome metaphor,included,25a9b54b0aa0213934504dbe97ae6e18356d8dfda4988ae885e2fac1408bc85d,both,icon glyph asset (token-colored in app),"canonical source: PM / Components / Workspace, Menus & Dictionaries"
pm-icon-911,assets/icons/pm-icon-911.svg,svg icon,,ParchMint design team (Penpot),exported from archive geometry; Material-aligned monochrome metaphor,included,9f0ccef72af4a3cc375e62c2b93b34f5efca74e6814ff800eede022d6421be3e,both,icon glyph asset (token-colored in app),canonical source: PM / Screen / export-failure
pm-icon-912,assets/icons/pm-icon-912.svg,svg icon,,ParchMint design team (Penpot),exported from archive geometry; Material-aligned monochrome metaphor,included,1cb8f89eb2df80cf19b767879e05f579e3b71012a4a061a147cab82c689a9b1a,both,icon glyph asset (token-colored in app),canonical source: PM / Components / Search History Project
pm-icon-913,assets/icons/pm-icon-913.svg,svg icon,,ParchMint design team (Penpot),exported from archive geometry; Material-aligned monochrome metaphor,included,98d81f017a3bc247f6aa6d5f450834788b0b194f0a76fe4591be04367152c546,both,icon glyph asset (token-colored in app),canonical source: PM / Screen / history-unavailable
pm-icon-914,assets/icons/pm-icon-914.svg,svg icon,,ParchMint design team (Penpot),exported from archive geometry; Material-aligned monochrome metaphor,included,d5c2179bbb33f90778d392f611b9946533201a24a51a6ba9ced5d13e9cd60911,both,icon glyph asset (token-colored in app),canonical source: PM / Screen / editor-local-find
pm-icon-915,assets/icons/pm-icon-915.svg,svg icon,,ParchMint design team (Penpot),exported from archive geometry; Material-aligned monochrome metaphor,included,fb413a766ab02b157f75eece98c5666408db48f2e5f5bb36188d80edf8dca6d6,both,icon glyph asset (token-colored in app),canonical source: PM / Screen / editor-dual-manuscript-research-right-focus
pm-icon-916,assets/icons/pm-icon-916.svg,svg icon,,ParchMint design team (Penpot),exported from archive geometry; Material-aligned monochrome metaphor,included,c2093b2eb505138d5ef79fbed4d1e3ebde954364c866ba06cbc612d3b8578d29,both,icon glyph asset (token-colored in app),canonical source: PM / Screen / editor-both-sidebars-collapsed
pm-icon-917,assets/icons/pm-icon-917.svg,svg icon,,ParchMint design team (Penpot),exported from archive geometry; Material-aligned monochrome metaphor,included,06f6d2b252bfea595844c3e26bee4051962313db721a03f4927b8f528173c91a,both,icon glyph asset (token-colored in app),canonical source: PM / Components / Shell & Explorer
pm-icon-918,assets/icons/pm-icon-918.svg,svg icon,,ParchMint design team (Penpot),exported from archive geometry; Material-aligned monochrome metaphor,included,bf1337df984b638b7c8254c4f3dd7a83b737a250509525944c33c35bbee0f758,both,icon glyph asset (token-colored in app),canonical source: PM / Screen / editor-long-comments
pm-icon-919,assets/icons/pm-icon-919.svg,svg icon,,ParchMint design team (Penpot),exported from archive geometry; Material-aligned monochrome metaphor,included,0481bab0c9fd7b1f1704c78343bb15e623853b0a0800a307772e9f52f6fafb17,both,icon glyph asset (token-colored in app),canonical source: PM / Prototype Terminal / create-and-write / editor-ready
pm-icon-920,assets/icons/pm-icon-920.svg,svg icon,,ParchMint design team (Penpot),exported from archive geometry; Material-aligned monochrome metaphor,included,252fd0fec26f598b3a186674102e41782dd021f7b6eda2a03fe0d6e4381ee698,both,icon glyph asset (token-colored in app),canonical source: PM / Screen / editor-dual-manuscript-research-left-focus
pm-icon-921,assets/icons/pm-icon-921.svg,svg icon,,ParchMint design team (Penpot),exported from archive geometry; Material-aligned monochrome metaphor,included,248ee81ec99180268acd7ed1e2fe71a09fc6d529e9cbb64f34093e80a9011559,both,icon glyph asset (token-colored in app),canonical source: PM / Prototype Terminal / save-failure-retry / editor-saved
pm-icon-922,assets/icons/pm-icon-922.svg,svg icon,,ParchMint design team (Penpot),exported from archive geometry; Material-aligned monochrome metaphor,included,a48f0790f8ce54b8b38981e10a889c936caf178b8a5d5d9abd8c90cd00578751,both,icon glyph asset (token-colored in app),canonical source: PM / Screen / editor-semantic-content-and-breaks
pm-icon-923,assets/icons/pm-icon-923.svg,svg icon,,ParchMint design team (Penpot),exported from archive geometry; Material-aligned monochrome metaphor,included,3f7593ac12a993a9f91b4507ef05309c77c5806c9cf4ebdfd88fa3edc129547b,both,icon glyph asset (token-colored in app),canonical source: PM / Prototype Terminal / cards-and-organize / editor-return
pm-icon-924,assets/icons/pm-icon-924.svg,svg icon,,ParchMint design team (Penpot),exported from archive geometry; Material-aligned monochrome metaphor,included,d9f329d6ede6b819dbb82e202e10f93888da5079cd3098fae91c3af92f4844cd,both,icon glyph asset (token-colored in app),canonical source: PM / Screen / editor-single-default
pm-icon-925,assets/icons/pm-icon-925.svg,svg icon,,ParchMint design team (Penpot),exported from archive geometry; Material-aligned monochrome metaphor,included,79c7e53875cd71d42072021d215559b2bc04ed5823e37d53c1d553f1d4a4f6dc,both,icon glyph asset (token-colored in app),canonical source: PM / Screen / editor-local-replace
pm-icon-926,assets/icons/pm-icon-926.svg,svg icon,,ParchMint design team (Penpot),exported from archive geometry; Material-aligned monochrome metaphor,included,607dbd6e3938f3bd21f2c130cd04f8ec206d4a736adcf35e243b093498e3aa4c,both,icon glyph asset (token-colored in app),canonical source: PM / Screen / editor-dual-two-manuscript
pm-icon-927,assets/icons/pm-icon-927.svg,svg icon,,ParchMint design team (Penpot),exported from archive geometry; Material-aligned monochrome metaphor,included,a82eaa2e859d0e7c6c119373072548f17d25fb1a6e5c0736a821ef0bf22efc40,both,icon glyph asset (token-colored in app),canonical source: PM / Screen / editor-explorer-collapsed
pm-icon-928,assets/icons/pm-icon-928.svg,svg icon,,ParchMint design team (Penpot),exported from archive geometry; Material-aligned monochrome metaphor,included,2babb96c78135d01a279008f74042e960837e01534fcd885f189518ed47995c6,both,icon glyph asset (token-colored in app),canonical source: PM / Screen / cards-drag-multiselect
pm-icon-929,assets/icons/pm-icon-929.svg,svg icon,,ParchMint design team (Penpot),exported from archive geometry; Material-aligned monochrome metaphor,included,759f22aeb76f0d6b935cda35600492b73c2f81f60d8ead7337f43220a8ceb872,both,icon glyph asset (token-colored in app),canonical source: PM / Screen / editor-same-document-two-views
pm-icon-930,assets/icons/pm-icon-930.svg,svg icon,,ParchMint design team (Penpot),exported from archive geometry; Material-aligned monochrome metaphor,included,0f7ee44bfb96525d53774f1c23047726c7fa811bc3784ddc7b65aba6943eedae,both,icon glyph asset (token-colored in app),canonical source: PM / Screen / editor-context-menu-add-comment
pm-icon-931,assets/icons/pm-icon-931.svg,svg icon,,ParchMint design team (Penpot),exported from archive geometry; Material-aligned monochrome metaphor,included,1f573f63363a666484a3b6040feaea59225a70375b3c2bcca4c332bf77266648,both,icon glyph asset (token-colored in app),canonical source: PM / Screen / editor-inspector-collapsed
pm-icon-932,assets/icons/pm-icon-932.svg,svg icon,,ParchMint design team (Penpot),exported from archive geometry; Material-aligned monochrome metaphor,included,01ea749a7f0fd0c2f9460a5961dc1d425332fb49ed9c34f4a16f1154ec6876e2,both,icon glyph asset (token-colored in app),canonical source: PM / Screen / empty-manuscript-research-roots
pm-icon-933,assets/icons/pm-icon-933.svg,svg icon,,ParchMint design team (Penpot),exported from archive geometry; Material-aligned monochrome metaphor,included,d3e55358eaf8094a1e9b2854fc11cf6134322dfe9d7b0892db65bb33a1822c7c,both,icon glyph asset (token-colored in app),canonical source: PM / Screen / explorer-context-menu-actions
pm-icon-934,assets/icons/pm-icon-934.svg,svg icon,,ParchMint design team (Penpot),exported from archive geometry; Material-aligned monochrome metaphor,included,1564f7d8a610a215b890b4c11d07827bb26c7e05088c3e74ab4b734066235d40,both,icon glyph asset (token-colored in app),canonical source: PM / Screen / unsupported-pasted-image
pm-icon-935,assets/icons/pm-icon-935.svg,svg icon,,ParchMint design team (Penpot),exported from archive geometry; Material-aligned monochrome metaphor,included,6cbdde634b6571217d7e162f6046758c3ab0348572845357ae5aadfd1090a191,both,icon glyph asset (token-colored in app),canonical source: PM / Screen / editor-spellcheck-suggestions
pm-icon-936,assets/icons/pm-icon-936.svg,svg icon,,ParchMint design team (Penpot),exported from archive geometry; Material-aligned monochrome metaphor,included,9b5e49123bbfcee117e54cea34556172db38d068bf928aee808ca3c3327eaa9b,both,icon glyph asset (token-colored in app),canonical source: PM / Screen / history-named-snapshot
pm-icon-937,assets/icons/pm-icon-937.svg,svg icon,,ParchMint design team (Penpot),exported from archive geometry; Material-aligned monochrome metaphor,included,9f5ab531ee2c52df2f09eabd6653bdd6f9230c74fe7aeeb1bf29b23b4118b824,both,icon glyph asset (token-colored in app),canonical source: PM / Screen / editor-both-sidebars-collapsed
pm-icon-938,assets/icons/pm-icon-938.svg,svg icon,,ParchMint design team (Penpot),exported from archive geometry; Material-aligned monochrome metaphor,included,f08ffecdcc04ae03156b4002e357fd586c9b63d26b6fb086366eaf1ed4f0657d,both,icon glyph asset (token-colored in app),canonical source: PM / Screen / editor-dual-manuscript-research-right-focus
pm-icon-939,assets/icons/pm-icon-939.svg,svg icon,,ParchMint design team (Penpot),exported from archive geometry; Material-aligned monochrome metaphor,included,200b06f31b10c2654b5eb97006cc178392efbd181b286d05bddddb21d4ba3ffa,both,icon glyph asset (token-colored in app),canonical source: PM / Screen / editor-local-find
pm-icon-940,assets/icons/pm-icon-940.svg,svg icon,,ParchMint design team (Penpot),exported from archive geometry; Material-aligned monochrome metaphor,included,dd22dcdb73cc88f70fdc3aadcaf41ebb2677203ff559ea1497cdd084c4acf611,both,icon glyph asset (token-colored in app),canonical source: PM / Screen / export-success
pm-icon-941,assets/icons/pm-icon-941.svg,svg icon,,ParchMint design team (Penpot),exported from archive geometry; Material-aligned monochrome metaphor,included,3d1b295696d4240fc543a9332e316851de9983d65ae892de146db444f10b577b,both,icon glyph asset (token-colored in app),canonical source: PM / Screen / recently-deleted
pm-icon-942,assets/icons/pm-icon-942.svg,svg icon,,ParchMint design team (Penpot),exported from archive geometry; Material-aligned monochrome metaphor,included,0669237c51d020707afb53e7817cf0c94df5d44f1b76ee97b5dc30d302f8518b,both,icon glyph asset (token-colored in app),canonical source: PM / Screen / settings-delete-unused-style
pm-icon-943,assets/icons/pm-icon-943.svg,svg icon,,ParchMint design team (Penpot),exported from archive geometry; Material-aligned monochrome metaphor,included,5dedad25ba147fa9d41da4bc6df2c706dbdd052703e3b703ca7f3f92c298c21e,both,icon glyph asset (token-colored in app),canonical source: PM / Screen / editor-explorer-collapsed
pm-icon-944,assets/icons/pm-icon-944.svg,svg icon,,ParchMint design team (Penpot),exported from archive geometry; Material-aligned monochrome metaphor,included,dfdd3b248bd8bc822c866b1615e1fa7104a20fb932c47ed6bacf75a1054f8e99,both,icon glyph asset (token-colored in app),canonical source: PM / Screen / editor-dual-two-manuscript
pm-icon-945,assets/icons/pm-icon-945.svg,svg icon,,ParchMint design team (Penpot),exported from archive geometry; Material-aligned monochrome metaphor,included,2eda6f20986a2e69d647bc40be657ed61f787041313a86efec6781036ae57f00,both,icon glyph asset (token-colored in app),canonical source: PM / Screen / export-progress
pm-icon-946,assets/icons/pm-icon-946.svg,svg icon,,ParchMint design team (Penpot),exported from archive geometry; Material-aligned monochrome metaphor,included,8407007abdec84c924c4064ab74f034922d9b5837783f2ca95ddccfd8c148f69,both,icon glyph asset (token-colored in app),canonical source: PM / Screen / editor-local-replace
pm-icon-947,assets/icons/pm-icon-947.svg,svg icon,,ParchMint design team (Penpot),exported from archive geometry; Material-aligned monochrome metaphor,included,2fd16d66816509baa472e01a33f67bb6a4139ea598e25291a70441ac36ba5e17,both,icon glyph asset (token-colored in app),canonical source: PM / Screen / export-failure
pm-icon-948,assets/icons/pm-icon-948.svg,svg icon,,ParchMint design team (Penpot),exported from archive geometry; Material-aligned monochrome metaphor,included,cdf01c36459e4a3ef8533495a506ba7972a3c4a10137df49c27776f1b522f7f5,both,icon glyph asset (token-colored in app),canonical source: PM / Screen / recently-deleted-fallback-location
pm-icon-949,assets/icons/pm-icon-949.svg,svg icon,,ParchMint design team (Penpot),exported from archive geometry; Material-aligned monochrome metaphor,included,e762954de1dff0b52c5c6e1c87a6baf490f5a358d05d642092923426c0ba5afa,both,icon glyph asset (token-colored in app),canonical source: PM / Screen / export-entire-manuscript
pm-icon-950,assets/icons/pm-icon-950.svg,svg icon,,ParchMint design team (Penpot),exported from archive geometry; Material-aligned monochrome metaphor,included,1abcf8f2fdbaa76b1106d941cc5906755a3fc5344b20d4c714ff18becffacc8b,both,icon glyph asset (token-colored in app),canonical source: PM / Screen / history-session-date-grouped
pm-icon-951,assets/icons/pm-icon-951.svg,svg icon,,ParchMint design team (Penpot),exported from archive geometry; Material-aligned monochrome metaphor,included,4a579208f90e2c52d4b8430e566a7b66deb7d3dafdb364ff3d9427476fb7c805,both,icon glyph asset (token-colored in app),canonical source: PM / Screen / editor-single-default
pm-icon-952,assets/icons/pm-icon-952.svg,svg icon,,ParchMint design team (Penpot),exported from archive geometry; Material-aligned monochrome metaphor,included,61ae1a991d148626820af9ff977f9b76a92a056fc1c7ba13c6446699c07b1e2a,both,icon glyph asset (token-colored in app),canonical source: PM / Screen / editor-dual-manuscript-research-left-focus
pm-icon-953,assets/icons/pm-icon-953.svg,svg icon,,ParchMint design team (Penpot),exported from archive geometry; Material-aligned monochrome metaphor,included,4ef90ee137fc998a298dbc5c4ffc2b1168a9f918bb8743e51b8cffc36293b207,both,icon glyph asset (token-colored in app),canonical source: PM / Prototype Terminal / save-failure-retry / editor-saved
pm-icon-954,assets/icons/pm-icon-954.svg,svg icon,,ParchMint design team (Penpot),exported from archive geometry; Material-aligned monochrome metaphor,included,3c51f896e3429b898403e8bc61d69356d3f7df80ecb61944050904135978680d,both,icon glyph asset (token-colored in app),canonical source: PM / Screen / editor-semantic-content-and-breaks
pm-icon-955,assets/icons/pm-icon-955.svg,svg icon,,ParchMint design team (Penpot),exported from archive geometry; Material-aligned monochrome metaphor,included,b77ff2a45ac62e015d77c2c16a979ad2940bca720742e9654dcd1f21064169ee,both,icon glyph asset (token-colored in app),canonical source: PM / Prototype Terminal / cards-and-organize / editor-return
pm-icon-956,assets/icons/pm-icon-956.svg,svg icon,,ParchMint design team (Penpot),exported from archive geometry; Material-aligned monochrome metaphor,included,7dff4279bd9ff380b77b0fcd18ee31e63874f76a33d2f11b15b5c5ab6b8d50cb,both,icon glyph asset (token-colored in app),canonical source: PM / Screen / editor-long-comments
pm-icon-957,assets/icons/pm-icon-957.svg,svg icon,,ParchMint design team (Penpot),exported from archive geometry; Material-aligned monochrome metaphor,included,0a5d946f5e3a3a11f717a29e67227668d152df76ebe31c047f744f3b5874b17b,both,icon glyph asset (token-colored in app),canonical source: PM / Screen / export-numbering
pm-icon-958,assets/icons/pm-icon-958.svg,svg icon,,ParchMint design team (Penpot),exported from archive geometry; Material-aligned monochrome metaphor,included,f22b6ec568eec88811cf49129c1c8d1acfe1b3fb3e0aace31c51761d60a1b536,both,icon glyph asset (token-colored in app),canonical source: PM / Screen / history-restore-checkpoint
pm-icon-959,assets/icons/pm-icon-959.svg,svg icon,,ParchMint design team (Penpot),exported from archive geometry; Material-aligned monochrome metaphor,included,3d4a5e71b4875535ba67ba38102631bf6fdd9688e3c626a0b7dbeb671fa642d1,both,icon glyph asset (token-colored in app),canonical source: PM / Prototype Terminal / create-and-write / editor-ready
pm-icon-960,assets/icons/pm-icon-960.svg,svg icon,,ParchMint design team (Penpot),exported from archive geometry; Material-aligned monochrome metaphor,included,8945184d3e87871865eaa4fd01b4ae7e0cfc1985c3bdaf02af1fc2d0664f7e42,both,icon glyph asset (token-colored in app),canonical source: PM / Screen / export-project-output-controls
pm-icon-961,assets/icons/pm-icon-961.svg,svg icon,,ParchMint design team (Penpot),exported from archive geometry; Material-aligned monochrome metaphor,included,83befa06729a45b70d1cc259ffafa2250e4986a7742e2edef4d3f499e5b48988,both,icon glyph asset (token-colored in app),canonical source: PM / Screen / settings-replace-in-use-style
pm-icon-962,assets/icons/pm-icon-962.svg,svg icon,,ParchMint design team (Penpot),exported from archive geometry; Material-aligned monochrome metaphor,included,60e996d3272a010fc3ccaa9201ea0efbefe7651e2d8204eb7fc3a9a2ccca8297,both,icon glyph asset (token-colored in app),canonical source: PM / Screen / editor-inspector-collapsed
pm-icon-963,assets/icons/pm-icon-963.svg,svg icon,,ParchMint design team (Penpot),exported from archive geometry; Material-aligned monochrome metaphor,included,213e15ec190570b2c88e6239b09957287dae6b49d0781e55f11383469bde5c1a,both,icon glyph asset (token-colored in app),canonical source: PM / Screen / editor-same-document-two-views
pm-icon-964,assets/icons/pm-icon-964.svg,svg icon,,ParchMint design team (Penpot),exported from archive geometry; Material-aligned monochrome metaphor,included,c30884ad87cf09a1ad48ed791c134811d43e5a1cb6ff1546778e5ab268b7db43,both,icon glyph asset (token-colored in app),canonical source: PM / Screen / editor-context-menu-add-comment
pm-icon-965,assets/icons/pm-icon-965.svg,svg icon,,ParchMint design team (Penpot),exported from archive geometry; Material-aligned monochrome metaphor,included,f8dbc67328046cfd4929e2cee5cdf8d18d19adb304ef760dbc4184b8c49dacac,both,icon glyph asset (token-colored in app),canonical source: PM / Screen / cards-drag-multiselect
pm-icon-966,assets/icons/pm-icon-966.svg,svg icon,,ParchMint design team (Penpot),exported from archive geometry; Material-aligned monochrome metaphor,included,88a2b590098519bac32a27f2d83f067da675e7c7ff5ea58e4afb37a069f2f199,both,icon glyph asset (token-colored in app),canonical source: PM / Screen / settings-appearance-dark-override
pm-icon-967,assets/icons/pm-icon-967.svg,svg icon,,ParchMint design team (Penpot),exported from archive geometry; Material-aligned monochrome metaphor,included,d68cf7141ad5f379486a079fa733e93663c8513e21e2930b69d9eac0c3224bad,both,icon glyph asset (token-colored in app),canonical source: PM / Screen / unsupported-pasted-image
pm-icon-968,assets/icons/pm-icon-968.svg,svg icon,,ParchMint design team (Penpot),exported from archive geometry; Material-aligned monochrome metaphor,included,72243cf6c4882f536ccd059e29b8fc5ce95a911909a75e846f768abcd5037be0,both,icon glyph asset (token-colored in app),canonical source: PM / Screen / explorer-context-menu-actions
pm-icon-969,assets/icons/pm-icon-969.svg,svg icon,,ParchMint design team (Penpot),exported from archive geometry; Material-aligned monochrome metaphor,included,d6a65316e3aa59c218502ab5bf2740582c3cb7e0f29f2344cc5055f720a1c4b1,both,icon glyph asset (token-colored in app),canonical source: PM / Screen / empty-manuscript-research-roots
pm-icon-970,assets/icons/pm-icon-970.svg,svg icon,,ParchMint design team (Penpot),exported from archive geometry; Material-aligned monochrome metaphor,included,e43f8b94da302badbdebe1063897610599b991f1a8354b044141be37d72a4ba2,both,icon glyph asset (token-colored in app),canonical source: PM / Screen / settings-appearance-light-override
pm-icon-971,assets/icons/pm-icon-971.svg,svg icon,,ParchMint design team (Penpot),exported from archive geometry; Material-aligned monochrome metaphor,included,f0de2671dc0b7d450d3625bfd9d0bf26150b4684964a05f9317d7a1ff82286ac,both,icon glyph asset (token-colored in app),canonical source: PM / Screen / editor-spellcheck-suggestions
pm-icon-972,assets/icons/pm-icon-972.svg,svg icon,,ParchMint design team (Penpot),exported from archive geometry; Material-aligned monochrome metaphor,included,2ac50cec37ba065d9cad1f7e9c380ac9262a7bd2239200a7d041263aeca3a519,both,icon glyph asset (token-colored in app),"canonical source: PM / Components / Workspace, Menus & Dictionaries"
pm-icon-973,assets/icons/pm-icon-973.svg,svg icon,,ParchMint design team (Penpot),exported from archive geometry; Material-aligned monochrome metaphor,included,2ed5651138f5b2fe810ad6b2db075f8c9aa156d87751d89e83da81921c4bae00,both,icon glyph asset (token-colored in app),"canonical source: PM / Components / Workspace, Menus & Dictionaries"
pm-icon-974,assets/icons/pm-icon-974.svg,svg icon,,ParchMint design team (Penpot),exported from archive geometry; Material-aligned monochrome metaphor,included,926822a9bb2bda96cc15d179ed7032ddb838daa27d9a0f117a2a29adeb19a02d,both,icon glyph asset (token-colored in app),"canonical source: PM / Components / Workspace, Menus & Dictionaries"
pm-icon-975,assets/icons/pm-icon-975.svg,svg icon,,ParchMint design team (Penpot),exported from archive geometry; Material-aligned monochrome metaphor,included,e905f7b823370a62eec8f370dcd53de65f0ac0972b92e0ab79549250cbbaeeb7,both,icon glyph asset (token-colored in app),"canonical source: PM / Components / Workspace, Menus & Dictionaries"
pm-icon-976,assets/icons/pm-icon-976.svg,svg icon,,ParchMint design team (Penpot),exported from archive geometry; Material-aligned monochrome metaphor,included,f2fc4c50c8d47864ee1c31bc5f47c6a05e5ddbdf15143f0f9ad5fc1628c25586,both,icon glyph asset (token-colored in app),"canonical source: PM / Components / Workspace, Menus & Dictionaries"
pm-icon-977,assets/icons/pm-icon-977.svg,svg icon,,ParchMint design team (Penpot),exported from archive geometry; Material-aligned monochrome metaphor,included,1adcaf52c790d18b03f7d0604cbfd26d1ce5b04b61edd4ec47e925003a0d264b,both,icon glyph asset (token-colored in app),"canonical source: PM / Components / Workspace, Menus & Dictionaries"
pm-icon-978,assets/icons/pm-icon-978.svg,svg icon,,ParchMint design team (Penpot),exported from archive geometry; Material-aligned monochrome metaphor,included,b28e7e754c0153b1cf0728d37149b8922356e27be07e20aa35752e466f995df0,both,icon glyph asset (token-colored in app),canonical source: PM / Screen / editor-spellcheck-suggestions
pm-icon-979,assets/icons/pm-icon-979.svg,svg icon,,ParchMint design team (Penpot),exported from archive geometry; Material-aligned monochrome metaphor,included,bbc5a70bad656496b4ddb0f7d37a520484e1ee836ef7a2aed05ce32036518f94,both,icon glyph asset (token-colored in app),"canonical source: PM / Components / Workspace, Menus & Dictionaries"
